"role","path","bytes","sha256"
"built_tarball","/private/tmp/dkge-v9-certified.m914En/dkge_0.0.0.9000.tar.gz",1351452,"9b117ec2441a4d6d94d23c39b977828aab8a5fea6c7ce09b96ef741d4c5cbc59"
"r_cmd_check_log","/private/tmp/dkge-v9-certified.m914En/check/dkge.Rcheck/00check.log",2760,"747aa511dee1c9a6d66bb5825994750ef7c9d49658f16a9eb7b8c19d890c0bf9"
"frozen_protocol","/Users/bbuchsbaum/code/dkge/inst/validation/functional-alignment-certification/protocol.json",7933,"4e6b828f463d9ae57de5a100f440dc7e96a376da3fdcae34509a42362223ac0a"
"superseded_v2_protocol","/Users/bbuchsbaum/code/dkge/inst/validation/functional-alignment-certification/protocol-v2.json",3452,"9ce7d46a4e2efd98f9319f157dd477a78125972e7a4e961aa772a8377541b25e"
"superseded_v3_protocol","/Users/bbuchsbaum/code/dkge/inst/validation/functional-alignment-certification/protocol-v3.json",4625,"f2b843c630ec2166a152b306938b105e42a9e06203fc0cd50e3855d343d78dc7"
"v3_supersession","/Users/bbuchsbaum/code/dkge/inst/validation/functional-alignment-certification/protocol-v3-supersession.json",1414,"9e29eeb8d58da95e30eafe4818361bad7b1e44b51dbac5ee074b46dce4be0f16"
"v4_invalidated_history","/Users/bbuchsbaum/code/dkge/inst/validation/functional-alignment-certification/protocol-v4.json",5412,"728a40762eeeca517760452d854cf2a870ba299cad05d77366f7afb43acd4cba"
"v4_invalidated_history","/Users/bbuchsbaum/code/dkge/inst/validation/functional-alignment-certification/protocol-v4-invalidation.json",5738,"470ff4158791bb5bc1e1c598f676201913cc0534532154bbd5a52f1de321a369"
"v4_invalidated_history","/Users/bbuchsbaum/code/dkge/data-raw/functional-alignment-certification/package-17e10ec404ab7758-555e000abf33/source-test-manifest.json",2214,"5e6b321cf9bdc99c80fcc805c967ca14f045255e411637414bcd209ac5a5722c"
"v4_invalidated_history","/Users/bbuchsbaum/code/dkge/data-raw/functional-alignment-certification/package-17e10ec404ab7758-555e000abf33/source-test-results.csv",144673,"3d732ca971291c65c68abd377093a4aa6ab0c2a74e298392484590a273b65b97"
"v4_invalidated_history","/Users/bbuchsbaum/code/dkge/data-raw/functional-alignment-certification/package-17e10ec404ab7758-555e000abf33/session-info.txt",3950,"7cda8fe33c3c20fb2eaf70959496c69c9bca21a7ea3e865dc88a54429f433b1a"
"v4_invalidated_history","/Users/bbuchsbaum/code/dkge/data-raw/functional-alignment-certification/court-17e10ec404ab7758-20e29b85364e/court-run-state.json",2236,"354a19a7c17b059d8a18d37048037c18d41a3f828477de36e9e9040fab6f61e7"
"v4_invalidated_history","/Users/bbuchsbaum/code/dkge/data-raw/functional-alignment-certification/court-17e10ec404ab7758-20e29b85364e/court-harness-manifest.json",2296,"b2b5442a7ebee948af22905fd36d33124d6a4ff44b3a2a1fa15dc4f2eb42f898"
"v4_invalidated_history","/Users/bbuchsbaum/code/dkge/data-raw/functional-alignment-certification/court-17e10ec404ab7758-20e29b85364e/formal-budget.csv",131,"c553e88d2e8a4876063b92fab74d1ebc4aa88dc5feea3ac54fb2bee523034052"
"v4_invalidated_history","/Users/bbuchsbaum/code/dkge/data-raw/functional-alignment-certification/court-17e10ec404ab7758-20e29b85364e/formal-grid.csv",2716,"c22e927a5c1eec8e4f3f693c6677fac79dc274f5b5954bb9f7b7c7a242fa8e76"
"v4_invalidated_history","/Users/bbuchsbaum/code/dkge/data-raw/functional-alignment-certification/court-17e10ec404ab7758-20e29b85364e/formal-inflation-flags.csv",3121,"76a3889e433cdfb64fcbd1286c0d5e1d0ef7d52c4d5f3802b99388f56154920c"
"v4_invalidated_history","/Users/bbuchsbaum/code/dkge/data-raw/functional-alignment-certification/court-17e10ec404ab7758-20e29b85364e/formal-manifest.txt",2366,"6fb6d42892d3af7134f5cf8f335011f01153ba44ebc1ad48b9914668d0c344ee"
"v4_invalidated_history","/Users/bbuchsbaum/code/dkge/data-raw/functional-alignment-certification/court-17e10ec404ab7758-20e29b85364e/formal-raw.csv",1345312,"dee3246a946fc5b8398d45f75f32cff29c2f7fce0eeb1d1ce7535d5ddfc6bd74"
"v4_invalidated_history","/Users/bbuchsbaum/code/dkge/data-raw/functional-alignment-certification/court-17e10ec404ab7758-20e29b85364e/formal-summary.csv",23755,"3c4c9d35aafc8e48faf9672639c9a94640a62b4d149a5469e4c7b17ea2f43d0b"
"v4_invalidated_history","/Users/bbuchsbaum/code/dkge/data-raw/functional-alignment-certification/court-17e10ec404ab7758-20e29b85364e/latent-span-model.csv",317,"688de52819efd16838a75bc1043a8f3b8ca17f0ecacf17c06c53cd2eeb279952"
"v5_superseded_history","/Users/bbuchsbaum/code/dkge/inst/validation/functional-alignment-certification/protocol-v5.json",5874,"18b19d49ee853b62a0ae1a59e95c9d82f1b56207a5eb1c3e9cf097a81f576612"
"v5_superseded_history","/Users/bbuchsbaum/code/dkge/inst/validation/functional-alignment-certification/protocol-v5-supersession.json",1866,"cf3d487d81dfb163589d8f65ae597344c08301b046d5862f89c8623ef6665168"
"v6_superseded_history","/Users/bbuchsbaum/code/dkge/inst/validation/functional-alignment-certification/protocol-v6.json",6104,"6c40c99387fd157e875871a242256d1ab6bea9d2fcc8f2ba21309f26b150f5ef"
"v6_superseded_history","/Users/bbuchsbaum/code/dkge/inst/validation/functional-alignment-certification/protocol-v6-supersession.json",1974,"1a6858b01b8b7a62d7155bd3b3cf9ef331717c9fba63f156e7a0817ea5db4463"
"v7_superseded_history","/Users/bbuchsbaum/code/dkge/inst/validation/functional-alignment-certification/protocol-v7.json",6444,"c6d3a282b967bacef0f7da76a9192389e624e91075eccd3de4de648386f28487"
"v7_superseded_history","/Users/bbuchsbaum/code/dkge/inst/validation/functional-alignment-certification/protocol-v7-supersession.json",4005,"ceea7aed678eabcd7683531dc295685d489e3223b1b5cb4f9d13aef393a024f6"
"v7_superseded_history","/Users/bbuchsbaum/code/dkge/data-raw/functional-alignment-certification/package-7bee7084bc4c66d2-5363594a0a95/session-info.txt",3950,"7cda8fe33c3c20fb2eaf70959496c69c9bca21a7ea3e865dc88a54429f433b1a"
"v7_superseded_history","/Users/bbuchsbaum/code/dkge/data-raw/functional-alignment-certification/package-7bee7084bc4c66d2-5363594a0a95/source-test-manifest.json",3304,"c00a450ae6de8ae8d3b48712ecf0df2b38f1a1e69813b685cf3374cada538453"
"v7_superseded_history","/Users/bbuchsbaum/code/dkge/data-raw/functional-alignment-certification/package-7bee7084bc4c66d2-5363594a0a95/source-test-results.csv",146186,"341de5f4357f16e44d96a396b7eabbe573cc86c6014a9b210fb5fd2c8cdd0e05"
"v7_superseded_history","/Users/bbuchsbaum/code/dkge/data-raw/functional-alignment-certification/court-7bee7084bc4c66d2-56f8cf4b5eb3/court-audit.csv",301,"b2a3976104a3984d2c97ca163c1bc8dcd378e8369d10980cf94b0ef98b197b95"
"v7_superseded_history","/Users/bbuchsbaum/code/dkge/data-raw/functional-alignment-certification/court-7bee7084bc4c66d2-56f8cf4b5eb3/court-focus-summary.csv",12249,"bba71554e2d59d89e06a6b75c71fc4fbeab74146b0ad597434d0d5199d0316cf"
"v7_superseded_history","/Users/bbuchsbaum/code/dkge/data-raw/functional-alignment-certification/court-7bee7084bc4c66d2-56f8cf4b5eb3/court-harness-manifest.json",5312,"1645d9cfbba8611ac767864c1e23dc5bdafe3871f6d4da3e1df7256191b10a48"
"v7_superseded_history","/Users/bbuchsbaum/code/dkge/data-raw/functional-alignment-certification/court-7bee7084bc4c66d2-56f8cf4b5eb3/court-run-state.json",3706,"b0be8c861ea59ffbbadd13e8ff3ecbe1b3ae0c403d934a41be917ef140e7f68d"
"v7_superseded_history","/Users/bbuchsbaum/code/dkge/data-raw/functional-alignment-certification/court-7bee7084bc4c66d2-56f8cf4b5eb3/court-verdict.json",10791,"77a853b8051492b399ba55e6cb89a796724a92ccf6664bcee192930ba7372dd3"
"v7_superseded_history","/Users/bbuchsbaum/code/dkge/data-raw/functional-alignment-certification/court-7bee7084bc4c66d2-56f8cf4b5eb3/court-verdict.md",4336,"e2b0cbbecd715a7998acd02ca0a952285d80bb94891feed18b6f91e33bd34e23"
"v7_superseded_history","/Users/bbuchsbaum/code/dkge/data-raw/functional-alignment-certification/court-7bee7084bc4c66d2-56f8cf4b5eb3/factor-uncertainty.csv",7787,"c2a1490136d92b80ec6a5612f88467684c10992f87f12d4aab83a7af5a520fc9"
"v7_superseded_history","/Users/bbuchsbaum/code/dkge/data-raw/functional-alignment-certification/court-7bee7084bc4c66d2-56f8cf4b5eb3/formal-budget.csv",131,"c553e88d2e8a4876063b92fab74d1ebc4aa88dc5feea3ac54fb2bee523034052"
"v7_superseded_history","/Users/bbuchsbaum/code/dkge/data-raw/functional-alignment-certification/court-7bee7084bc4c66d2-56f8cf4b5eb3/formal-grid.csv",2716,"c22e927a5c1eec8e4f3f693c6677fac79dc274f5b5954bb9f7b7c7a242fa8e76"
"v7_superseded_history","/Users/bbuchsbaum/code/dkge/data-raw/functional-alignment-certification/court-7bee7084bc4c66d2-56f8cf4b5eb3/formal-inflation-flags.csv",3121,"76a3889e433cdfb64fcbd1286c0d5e1d0ef7d52c4d5f3802b99388f56154920c"
"v7_superseded_history","/Users/bbuchsbaum/code/dkge/data-raw/functional-alignment-certification/court-7bee7084bc4c66d2-56f8cf4b5eb3/formal-manifest.txt",3288,"b9ccb6a493d6e99c54d962e9e53adfb239943c8d253bcf18b5bdfb57f4bd4d89"
"v7_superseded_history","/Users/bbuchsbaum/code/dkge/data-raw/functional-alignment-certification/court-7bee7084bc4c66d2-56f8cf4b5eb3/formal-raw.csv",1345746,"d38f0971ea0333d8adc1682efcac43ac8e6dfe79ec5f13d956c4da82c89f2c67"
"v7_superseded_history","/Users/bbuchsbaum/code/dkge/data-raw/functional-alignment-certification/court-7bee7084bc4c66d2-56f8cf4b5eb3/formal-summary.csv",23755,"3c4c9d35aafc8e48faf9672639c9a94640a62b4d149a5469e4c7b17ea2f43d0b"
"v7_superseded_history","/Users/bbuchsbaum/code/dkge/data-raw/functional-alignment-certification/court-7bee7084bc4c66d2-56f8cf4b5eb3/latent-span-excess-model.csv",335,"276476e2bdaa33a5d7b2456b444e730004b45907881df88be9d03475ef3d1985"
"v7_superseded_history","/Users/bbuchsbaum/code/dkge/data-raw/functional-alignment-certification/court-7bee7084bc4c66d2-56f8cf4b5eb3/latent-span-logistic-model.csv",329,"007b28e4e9e060ae08f462ff09de803829cb5fc58393b3def14cf7236e6fd79e"
"v7_superseded_history","/Users/bbuchsbaum/code/dkge/data-raw/functional-alignment-certification/court-7bee7084bc4c66d2-56f8cf4b5eb3/latent-span-model.csv",317,"688de52819efd16838a75bc1043a8f3b8ca17f0ecacf17c06c53cd2eeb279952"
"v7_superseded_history","/Users/bbuchsbaum/code/dkge/data-raw/functional-alignment-certification/known-warp-7bee7084bc4c-c6d3a282b967-71c6137c8826/known-warp-power-harness-manifest.json",5624,"e821fcd8f3bb6d8060defddd9b66ae9f5162aba939ff61ec658498136da2cae8"
"v7_superseded_history","/Users/bbuchsbaum/code/dkge/data-raw/functional-alignment-certification/known-warp-7bee7084bc4c-c6d3a282b967-71c6137c8826/known-warp-power-manifest.json",8685,"ca8f2ab05128686ab4f882069eb283581d2273e01de2d7760fa75dd36effff6d"
"v7_superseded_history","/Users/bbuchsbaum/code/dkge/data-raw/functional-alignment-certification/known-warp-7bee7084bc4c-c6d3a282b967-71c6137c8826/known-warp-power-raw.csv",31472,"6dde0015849bb3eadfefbc041d4a6ba28ac22fd438a5b0dc394d72654ecac9da"
"v7_superseded_history","/Users/bbuchsbaum/code/dkge/data-raw/functional-alignment-certification/known-warp-7bee7084bc4c-c6d3a282b967-71c6137c8826/known-warp-power-run-state.json",2771,"cf6fbb235dafe95f4b647cb2fd6e4d337e0fb71fed73b100979be615f81f3c92"
"v7_superseded_history","/Users/bbuchsbaum/code/dkge/data-raw/functional-alignment-certification/known-warp-7bee7084bc4c-c6d3a282b967-71c6137c8826/known-warp-power-summary.csv",1016,"e1acbadffd10929a5a1ec8647181abb3d41eab57a97059c85cfd122d616b6519"
"v7_superseded_history","/Users/bbuchsbaum/code/dkge/data-raw/functional-alignment-certification/known-warp-7bee7084bc4c-c6d3a282b967-71c6137c8826/serial-parallel-determinism.json",2982,"f5f2ccef5f9a7008147d7d7ae00f8da9d90f2da28130d4277ee703db38807e8d"
"v8_superseded_history","/Users/bbuchsbaum/code/dkge/inst/validation/functional-alignment-certification/protocol-v8.json",7761,"0e68dd7558d3df28878b8ac9f0edb49147620d9dd5c518898ed6243f305876c3"
"v8_superseded_history","/Users/bbuchsbaum/code/dkge/inst/validation/functional-alignment-certification/protocol-v8-supersession.json",5796,"e55cba258474256e9d8d320a649a399ba1ef7e55855b91ad21494b3a6eec1e73"
"v8_superseded_history","/Users/bbuchsbaum/code/dkge/data-raw/functional-alignment-certification/package-e38585975999d2bc-d881948e5df7/session-info.txt",4028,"a6ee265903fe0661c9b22d56feb01119ec7e9e2146d823fd25a35513b1c74e7e"
"v8_superseded_history","/Users/bbuchsbaum/code/dkge/data-raw/functional-alignment-certification/package-e38585975999d2bc-d881948e5df7/source-test-manifest.json",3664,"10eed157c71f7e41c88fc66411d30965440020d67011e4328731357baf5ca936"
"v8_superseded_history","/Users/bbuchsbaum/code/dkge/data-raw/functional-alignment-certification/package-e38585975999d2bc-d881948e5df7/source-test-results.csv",147542,"e35d2de87a67a1a497578a9ddd5fd95260b77f39a2c41278d73513532af206b0"
"v8_superseded_history","/Users/bbuchsbaum/code/dkge/data-raw/functional-alignment-certification/court-e38585975999d2bc-ce04e4dbf8cc/court-audit.csv",301,"b2a3976104a3984d2c97ca163c1bc8dcd378e8369d10980cf94b0ef98b197b95"
"v8_superseded_history","/Users/bbuchsbaum/code/dkge/data-raw/functional-alignment-certification/court-e38585975999d2bc-ce04e4dbf8cc/court-focus-summary.csv",12249,"bba71554e2d59d89e06a6b75c71fc4fbeab74146b0ad597434d0d5199d0316cf"
"v8_superseded_history","/Users/bbuchsbaum/code/dkge/data-raw/functional-alignment-certification/court-e38585975999d2bc-ce04e4dbf8cc/court-harness-manifest.json",10177,"85d50a445bd3eb22dd802c52aa602a58d264248c523d027a302fae39660b5523"
"v8_superseded_history","/Users/bbuchsbaum/code/dkge/data-raw/functional-alignment-certification/court-e38585975999d2bc-ce04e4dbf8cc/court-run-state.json",4001,"1e63be144c81cebddd849e908f07509b595803b41196e4cc18f8a8ba370228b7"
"v8_superseded_history","/Users/bbuchsbaum/code/dkge/data-raw/functional-alignment-certification/court-e38585975999d2bc-ce04e4dbf8cc/court-verdict.json",11086,"d2b3d2e81d30b0811ba90b407251811a2ff426d09bd21c32fc712e88667ccf84"
"v8_superseded_history","/Users/bbuchsbaum/code/dkge/data-raw/functional-alignment-certification/court-e38585975999d2bc-ce04e4dbf8cc/court-verdict.md",4336,"5615056d90e6eebeab67ac03a1d204f281682cdc07ffcff1b826082bffb07796"
"v8_superseded_history","/Users/bbuchsbaum/code/dkge/data-raw/functional-alignment-certification/court-e38585975999d2bc-ce04e4dbf8cc/factor-uncertainty.csv",7787,"c2a1490136d92b80ec6a5612f88467684c10992f87f12d4aab83a7af5a520fc9"
"v8_superseded_history","/Users/bbuchsbaum/code/dkge/data-raw/functional-alignment-certification/court-e38585975999d2bc-ce04e4dbf8cc/formal-budget.csv",131,"c553e88d2e8a4876063b92fab74d1ebc4aa88dc5feea3ac54fb2bee523034052"
"v8_superseded_history","/Users/bbuchsbaum/code/dkge/data-raw/functional-alignment-certification/court-e38585975999d2bc-ce04e4dbf8cc/formal-grid.csv",2716,"c22e927a5c1eec8e4f3f693c6677fac79dc274f5b5954bb9f7b7c7a242fa8e76"
"v8_superseded_history","/Users/bbuchsbaum/code/dkge/data-raw/functional-alignment-certification/court-e38585975999d2bc-ce04e4dbf8cc/formal-inflation-flags.csv",3121,"76a3889e433cdfb64fcbd1286c0d5e1d0ef7d52c4d5f3802b99388f56154920c"
"v8_superseded_history","/Users/bbuchsbaum/code/dkge/data-raw/functional-alignment-certification/court-e38585975999d2bc-ce04e4dbf8cc/formal-manifest.txt",3559,"6b09788f9ab7eab08f602e6af65dc5188c15bf507ac0fb5559922f56e7a5bbd3"
"v8_superseded_history","/Users/bbuchsbaum/code/dkge/data-raw/functional-alignment-certification/court-e38585975999d2bc-ce04e4dbf8cc/formal-raw.csv",1347188,"433ce631edd1fba861c3ce9e83212ef7cc99897a11515a1807602a78edffb654"
"v8_superseded_history","/Users/bbuchsbaum/code/dkge/data-raw/functional-alignment-certification/court-e38585975999d2bc-ce04e4dbf8cc/formal-summary.csv",23755,"3c4c9d35aafc8e48faf9672639c9a94640a62b4d149a5469e4c7b17ea2f43d0b"
"v8_superseded_history","/Users/bbuchsbaum/code/dkge/data-raw/functional-alignment-certification/court-e38585975999d2bc-ce04e4dbf8cc/latent-span-excess-model.csv",335,"276476e2bdaa33a5d7b2456b444e730004b45907881df88be9d03475ef3d1985"
"v8_superseded_history","/Users/bbuchsbaum/code/dkge/data-raw/functional-alignment-certification/court-e38585975999d2bc-ce04e4dbf8cc/latent-span-logistic-model.csv",329,"007b28e4e9e060ae08f462ff09de803829cb5fc58393b3def14cf7236e6fd79e"
"v8_superseded_history","/Users/bbuchsbaum/code/dkge/data-raw/functional-alignment-certification/court-e38585975999d2bc-ce04e4dbf8cc/latent-span-model.csv",317,"688de52819efd16838a75bc1043a8f3b8ca17f0ecacf17c06c53cd2eeb279952"
"v8_superseded_history","/Users/bbuchsbaum/code/dkge/data-raw/functional-alignment-certification/known-warp-e38585975999-0e68dd7558d3-1b550d962536/known-warp-power-harness-manifest.json",10489,"bfa9ea42393cfdb6e08e9036934f6a010aceb306f4786ccb8cb30dcc0ccdf59f"
"v8_superseded_history","/Users/bbuchsbaum/code/dkge/data-raw/functional-alignment-certification/known-warp-e38585975999-0e68dd7558d3-1b550d962536/known-warp-power-manifest.json",13845,"bfb8c87f19fe5b710d1614c936a48feba9465efabb2c8770bc97906e710e943e"
"v8_superseded_history","/Users/bbuchsbaum/code/dkge/data-raw/functional-alignment-certification/known-warp-e38585975999-0e68dd7558d3-1b550d962536/known-warp-power-raw.csv",31536,"833d555cc699fa4d6cc3636bb07450108b804937d639f5c56a8b85176f2dd5ca"
"v8_superseded_history","/Users/bbuchsbaum/code/dkge/data-raw/functional-alignment-certification/known-warp-e38585975999-0e68dd7558d3-1b550d962536/known-warp-power-run-state.json",3066,"aad790babba6cb3a75b42950ecd6751c50823048c0386704bfcc5d7349320b93"
"v8_superseded_history","/Users/bbuchsbaum/code/dkge/data-raw/functional-alignment-certification/known-warp-e38585975999-0e68dd7558d3-1b550d962536/known-warp-power-summary.csv",1016,"e1acbadffd10929a5a1ec8647181abb3d41eab57a97059c85cfd122d616b6519"
"v8_superseded_history","/Users/bbuchsbaum/code/dkge/data-raw/functional-alignment-certification/known-warp-e38585975999-0e68dd7558d3-1b550d962536/serial-parallel-determinism.json",3277,"743e6a038171b091bf84196484e787b23261d5fe09a6f4a8e6f160cdf6068232"
"v2_court_invalidation","/Users/bbuchsbaum/code/dkge/inst/validation/functional-alignment-certification/court-v2-invalidation.json",4070,"08e4ff679ebf34cb2d1a8e9408691920a4ae7cfc6ecb93b02e2b10ea8472866c"
"v2_sinkhorn_fixture","/Users/bbuchsbaum/code/dkge/inst/validation/functional-alignment-certification/court-v2-failing-sinkhorn-fixture.json",1666,"628031d4361e734a5dbbf1860efe55c8081913882f47f914ee81fa0ec8aabb13"
"v2_historical_evidence","/Users/bbuchsbaum/code/dkge/data-raw/functional-alignment-certification/package-0be19103609aa074-b143f64a3f6e/source-test-manifest.json",1770,"868f9a4bedb92bb2e9d4e1be1fd9827d8dc01137bfeef127effba6aed8413cc6"
"v2_historical_evidence","/Users/bbuchsbaum/code/dkge/data-raw/functional-alignment-certification/package-0be19103609aa074-b143f64a3f6e/source-test-results.csv",143820,"1eff5db2e88af04d3b59dc99824b756f310d78f1ce3513841fc877b53a73d141"
"v2_historical_evidence","/Users/bbuchsbaum/code/dkge/data-raw/functional-alignment-certification/package-0be19103609aa074-b143f64a3f6e/session-info.txt",3950,"7cda8fe33c3c20fb2eaf70959496c69c9bca21a7ea3e865dc88a54429f433b1a"
"v2_historical_evidence","/Users/bbuchsbaum/code/dkge/data-raw/functional-alignment-certification/court-0be19103609aa074-30c9732ef157/formal-budget.csv",131,"c553e88d2e8a4876063b92fab74d1ebc4aa88dc5feea3ac54fb2bee523034052"
"independent_review","/Users/bbuchsbaum/code/dkge/data-raw/functional-alignment-certification/independent-review.json",5659,"b42f5c620bc28a5fc5e4057a2b9916a690a7d07d37b26d7fbaf6d72bef006613"
"formal_court","/Users/bbuchsbaum/code/dkge/data-raw/functional-alignment-certification/court-e38585975999d2bc-e2c5c95305af/court-verdict.json",11381,"05dd704d56e2b87e8fe7d9d49f88d802555733a0a15277d00653ba8d82962ee5"
"formal_court","/Users/bbuchsbaum/code/dkge/data-raw/functional-alignment-certification/court-e38585975999d2bc-e2c5c95305af/court-verdict.md",4354,"88ba262f7aea9fb8f2c809c3af05da3c01db42491bb872ee06da5ebd20b39dd7"
"formal_court","/Users/bbuchsbaum/code/dkge/data-raw/functional-alignment-certification/court-e38585975999d2bc-e2c5c95305af/court-audit.csv",301,"b2a3976104a3984d2c97ca163c1bc8dcd378e8369d10980cf94b0ef98b197b95"
"formal_court","/Users/bbuchsbaum/code/dkge/data-raw/functional-alignment-certification/court-e38585975999d2bc-e2c5c95305af/court-focus-summary.csv",12249,"bba71554e2d59d89e06a6b75c71fc4fbeab74146b0ad597434d0d5199d0316cf"
"formal_court","/Users/bbuchsbaum/code/dkge/data-raw/functional-alignment-certification/court-e38585975999d2bc-e2c5c95305af/court-harness-manifest.json",15042,"12c3f13243030f263535b4cbcc38f24c7a9a7f09fc6f987c51d476ed50af2a61"
"formal_court","/Users/bbuchsbaum/code/dkge/data-raw/functional-alignment-certification/court-e38585975999d2bc-e2c5c95305af/court-run-state.json",4296,"577ea615bc5651fc3dc658bffa19a4e3edaeedd8ce9bb537b5616bfe57bf8cbe"
"formal_court","/Users/bbuchsbaum/code/dkge/data-raw/functional-alignment-certification/court-e38585975999d2bc-e2c5c95305af/factor-uncertainty.csv",7787,"c2a1490136d92b80ec6a5612f88467684c10992f87f12d4aab83a7af5a520fc9"
"formal_court","/Users/bbuchsbaum/code/dkge/data-raw/functional-alignment-certification/court-e38585975999d2bc-e2c5c95305af/formal-budget.csv",131,"c553e88d2e8a4876063b92fab74d1ebc4aa88dc5feea3ac54fb2bee523034052"
"formal_court","/Users/bbuchsbaum/code/dkge/data-raw/functional-alignment-certification/court-e38585975999d2bc-e2c5c95305af/formal-grid.csv",2716,"c22e927a5c1eec8e4f3f693c6677fac79dc274f5b5954bb9f7b7c7a242fa8e76"
"formal_court","/Users/bbuchsbaum/code/dkge/data-raw/functional-alignment-certification/court-e38585975999d2bc-e2c5c95305af/formal-inflation-flags.csv",3121,"76a3889e433cdfb64fcbd1286c0d5e1d0ef7d52c4d5f3802b99388f56154920c"
"formal_court","/Users/bbuchsbaum/code/dkge/data-raw/functional-alignment-certification/court-e38585975999d2bc-e2c5c95305af/formal-manifest.txt",3830,"ead41f9552a1f91cc20ac7fdf8f38ab8e399bcb80bd96628b7f74a6f6aaef6cd"
"formal_court","/Users/bbuchsbaum/code/dkge/data-raw/functional-alignment-certification/court-e38585975999d2bc-e2c5c95305af/formal-raw.csv",1348077,"943c1d5531c8240460e470668ce93bb79d782d2989fdb636a303374a2ac218f7"
"formal_court","/Users/bbuchsbaum/code/dkge/data-raw/functional-alignment-certification/court-e38585975999d2bc-e2c5c95305af/formal-summary.csv",23755,"3c4c9d35aafc8e48faf9672639c9a94640a62b4d149a5469e4c7b17ea2f43d0b"
"formal_court","/Users/bbuchsbaum/code/dkge/data-raw/functional-alignment-certification/court-e38585975999d2bc-e2c5c95305af/latent-span-excess-model.csv",335,"276476e2bdaa33a5d7b2456b444e730004b45907881df88be9d03475ef3d1985"
"formal_court","/Users/bbuchsbaum/code/dkge/data-raw/functional-alignment-certification/court-e38585975999d2bc-e2c5c95305af/latent-span-logistic-model.csv",329,"007b28e4e9e060ae08f462ff09de803829cb5fc58393b3def14cf7236e6fd79e"
"formal_court","/Users/bbuchsbaum/code/dkge/data-raw/functional-alignment-certification/court-e38585975999d2bc-e2c5c95305af/latent-span-model.csv",317,"688de52819efd16838a75bc1043a8f3b8ca17f0ecacf17c06c53cd2eeb279952"
"known_warp","/Users/bbuchsbaum/code/dkge/data-raw/functional-alignment-certification/known-warp-e38585975999-4e6b828f463d-f7b44edd945e/known-warp-power-harness-manifest.json",15354,"d7d8dc5ea0977650e639ba2f24828c962cb79b452d65f24d5762f1b960c11ca2"
"known_warp","/Users/bbuchsbaum/code/dkge/data-raw/functional-alignment-certification/known-warp-e38585975999-4e6b828f463d-f7b44edd945e/known-warp-power-manifest.json",19006,"130bc86a15616b239798a715000efb2fc94d53fe883710b0a459c86bbc94d832"
"known_warp","/Users/bbuchsbaum/code/dkge/data-raw/functional-alignment-certification/known-warp-e38585975999-4e6b828f463d-f7b44edd945e/known-warp-power-raw.csv",31592,"02479d5822a2f9099ea3f7c7ab65101cb9e647abeea29bad0c79f101cd22ec43"
"known_warp","/Users/bbuchsbaum/code/dkge/data-raw/functional-alignment-certification/known-warp-e38585975999-4e6b828f463d-f7b44edd945e/known-warp-power-run-state.json",3361,"ca91694aef43c8b5ad4f48d7fa64b8512dcf4e539e26bb0a251ad69b7b6566c3"
"known_warp","/Users/bbuchsbaum/code/dkge/data-raw/functional-alignment-certification/known-warp-e38585975999-4e6b828f463d-f7b44edd945e/known-warp-power-summary.csv",1016,"e1acbadffd10929a5a1ec8647181abb3d41eab57a97059c85cfd122d616b6519"
"known_warp","/Users/bbuchsbaum/code/dkge/data-raw/functional-alignment-certification/known-warp-e38585975999-4e6b828f463d-f7b44edd945e/serial-parallel-determinism.json",3572,"b6229b6829e556fa3dd14993e588f7ec61fae74d10a63384b0fa022afeaf654d"
"source_test_suite","/Users/bbuchsbaum/code/dkge/data-raw/functional-alignment-certification/package-e38585975999d2bc-09fbab6159cf/source-test-manifest.json",3959,"02552c37d7107b1e0017f7c964ac93e1964f286265a0fba60157293b58995bd6"
"source_test_suite","/Users/bbuchsbaum/code/dkge/data-raw/functional-alignment-certification/package-e38585975999d2bc-09fbab6159cf/source-test-results.csv",149087,"f713e20860b5e3a80c36ec174c6c982626c8dc385be6983590e20ac90656cd48"
"source_test_suite","/Users/bbuchsbaum/code/dkge/data-raw/functional-alignment-certification/package-e38585975999d2bc-09fbab6159cf/session-info.txt",4052,"37c7a9fcb4061287740d99093585c90be3d1b1a9e1229145dae9bc536d02846d"
"pkgdown_page","/private/tmp/dkge-v9-certified.m914En/pkgdown-site/index.html",23855,"ba9e46ebddf6d1e2e2a791492fdd187d537209494763e85e77c1a8ab068c37fb"
"pkgdown_page","/private/tmp/dkge-v9-certified.m914En/pkgdown-site/articles/dkge-functional-alignment.html",28116,"867c8f1b0d0215980a7789a1e61d4c6ada8ee6edb6b75e784269da3b5f4c2d1f"
"pkgdown_page","/private/tmp/dkge-v9-certified.m914En/pkgdown-site/reference/index.html",44097,"4988c72fec1883df9647c71b001078d091ec8d82b7f3e316df383b5f8fc52b6f"
"pkgdown_page","/private/tmp/dkge-v9-certified.m914En/pkgdown-site/reference/dkge_prepare_alignment.html",12814,"c70aad95f45a53cbfa307d77e9b62d036686f99956cc00c3ef3aa997a46692ec"
"pkgdown_page","/private/tmp/dkge-v9-certified.m914En/pkgdown-site/reference/dkge_fit_functional_template.html",16063,"d60ad420b4ab176ed7aac43b18fa4063dbf32196679fbaf123dc4a775714d5bc"
"pkgdown_page","/private/tmp/dkge-v9-certified.m914En/pkgdown-site/reference/dkge_infer_aligned.html",12635,"4466671c79c0e9d8f062135d2c497f32f0fd26d9c14b984e2b32ffe2b226c5ca"
"pkgdown_page","/private/tmp/dkge-v9-certified.m914En/pkgdown-site/reference/dkge_render_aligned.html",9495,"6608b4dda24be26fad5808bc3f327413ab63bf7f27593947587d0acd8d6b83e0"
"pkgdown_receipt","/private/tmp/dkge-v9-certified.m914En/pkgdown-site/.dkge-pkgdown-receipt.json",2818,"937cceb106702f5baa806ecffae6697abaa9cd93a0e9f83342255f6760ecea8c"
