"row_type","scenario","signal","noise","missingness","method","n_replicates","median_subspace_angle_deg","median_inverse_count_correlation","contrast_bias","contrast_rmse","interval_coverage","false_positive_rate","mean_high_count_influence","mean_empty_cell_fraction","gate_id","passed","observed","threshold"
"scenario_method",1,"null","iid","mcar","count",20,NA,0.164262774027982,NA,NA,0,0.05,0.0996983698405453,0.140925925925926,NA,NA,NA,NA
"scenario_method",2,"null","heteroscedastic","response","count",20,NA,0.52211840654933,NA,NA,0,0.05,0.103599608014519,0.166527777777778,NA,NA,NA,NA
"scenario_method",3,"ordinal","iid","mcar","count",20,83.3246945512906,0.283471499555574,1.193545718459,1.21161468071985,0,NA,0.100649097794729,0.138888888888889,NA,NA,NA,NA
"scenario_method",4,"ordinal","heteroscedastic","response","count",20,80.7231959055578,0.585824223354842,2.77076973268579,2.80933343281705,0,NA,0.10209086804301,0.159583333333333,NA,NA,NA,NA
"scenario_method",5,"nonlinear","ar","mcar","count",20,75.8872066546584,0.291010920619185,1.2365288094862,1.2520587397246,0,NA,0.100847391198344,0.145833333333333,NA,NA,NA,NA
"scenario_method",6,"interaction","ar","response","count",20,88.5675714412621,0.435551329091878,1.30367521277482,1.31739352516479,0,NA,0.102373290284254,0.157314814814815,NA,NA,NA,NA
"scenario_method",7,"low_rank","unequal_precision","mcar","count",20,79.9955596732474,0.466119048381702,2.92676991896409,2.98796525571664,0,NA,0.116814809789431,0.141898148148148,NA,NA,NA,NA
"scenario_method",8,"ordinal","unequal_precision","response","count",20,86.0976169659214,0.372948154643993,3.83647865152949,3.96055855513116,0,NA,0.124727270990581,0.161296296296296,NA,NA,NA,NA
"scenario_method",9,"nonlinear","heteroscedastic","response","count",20,74.8751991994113,0.5122312888159,2.73110186306553,2.74711653124217,0,NA,0.101976136336836,0.157175925925926,NA,NA,NA,NA
"scenario_method",10,"low_rank","ar","mcar","count",20,83.9600744679049,0.225377525746904,0.895726687302544,0.907883371167321,0,NA,0.0995451712489643,0.139583333333333,NA,NA,NA,NA
"scenario_method",1,"null","iid","mcar","covariance_analytic",20,NA,0.142700109820506,NA,NA,0.9,0.05,0.0652768638632609,0.140925925925926,NA,NA,NA,NA
"scenario_method",2,"null","heteroscedastic","response","covariance_analytic",20,NA,0.134915088980328,NA,NA,0.9,0.05,0.0684688687537952,0.166527777777778,NA,NA,NA,NA
"scenario_method",3,"ordinal","iid","mcar","covariance_analytic",20,31.5512158187157,0.208505757053598,-0.0682585966792615,0.267362099192808,0.55,NA,0.0651773820542203,0.138888888888889,NA,NA,NA,NA
"scenario_method",4,"ordinal","heteroscedastic","response","covariance_analytic",20,41.0911024577832,0.370879611574631,0.00975033477191707,0.441820057204612,0.7,NA,0.0677207081453405,0.159583333333333,NA,NA,NA,NA
"scenario_method",5,"nonlinear","ar","mcar","covariance_analytic",20,37.2290135656465,0.104066306488603,-0.0176538752743803,0.0990806502832682,0.7,NA,0.0657014366352602,0.145833333333333,NA,NA,NA,NA
"scenario_method",6,"interaction","ar","response","covariance_analytic",20,74.7956141338942,0.164372906113397,0.0119425085545175,0.0937091899990992,0.9,NA,0.0675010900727813,0.157314814814815,NA,NA,NA,NA
"scenario_method",7,"low_rank","unequal_precision","mcar","covariance_analytic",20,77.5225422078367,0.254928483374692,-0.0454360017605054,0.577958446891418,0.7,NA,0.0653886672967555,0.141898148148148,NA,NA,NA,NA
"scenario_method",8,"ordinal","unequal_precision","response","covariance_analytic",20,68.4336984119226,0.134061773327168,-0.282323650531131,0.865001355826775,0.65,NA,0.0679975416059975,0.161296296296296,NA,NA,NA,NA
"scenario_method",9,"nonlinear","heteroscedastic","response","covariance_analytic",20,78.0080828393153,0.180478355334153,-0.037903533463071,0.34638598446306,0.95,NA,0.0673609139362816,0.157175925925926,NA,NA,NA,NA
"scenario_method",10,"low_rank","ar","mcar","covariance_analytic",20,23.3516702428187,0.195254481979621,-0.00921408011332059,0.122125915570825,0.4,NA,0.0651925788672112,0.139583333333333,NA,NA,NA,NA
"scenario_method",1,"null","iid","mcar","explicit_precision",20,NA,0.164299469250221,NA,NA,0,0.05,0.100151899764489,0.140925925925926,NA,NA,NA,NA
"scenario_method",2,"null","heteroscedastic","response","explicit_precision",20,NA,0.523055013154963,NA,NA,0,0.05,0.104137865273893,0.166527777777778,NA,NA,NA,NA
"scenario_method",3,"ordinal","iid","mcar","explicit_precision",20,83.346935111913,0.276700278685364,1.1946393230556,1.21251675083038,0,NA,0.100980893476709,0.138888888888889,NA,NA,NA,NA
"scenario_method",4,"ordinal","heteroscedastic","response","explicit_precision",20,80.7843311251667,0.585180099606784,2.77681285615626,2.81525359965371,0,NA,0.102680364107875,0.159583333333333,NA,NA,NA,NA
"scenario_method",5,"nonlinear","ar","mcar","explicit_precision",20,75.7880913040202,0.291702968746914,1.2415891832276,1.25749802105394,0,NA,0.0981763882277257,0.145833333333333,NA,NA,NA,NA
"scenario_method",6,"interaction","ar","response","explicit_precision",20,88.519701955482,0.435605202169187,1.30749089616866,1.32120083598513,0,NA,0.100098431068988,0.157314814814815,NA,NA,NA,NA
"scenario_method",7,"low_rank","unequal_precision","mcar","explicit_precision",20,78.6992776010002,0.529390389106479,1.5371562987694,1.56116673779838,0,NA,0.202022797370554,0.141898148148148,NA,NA,NA,NA
"scenario_method",8,"ordinal","unequal_precision","response","explicit_precision",20,83.7742723927858,0.360909328563096,2.10975406143119,2.14796572637706,0,NA,0.214895383918828,0.161296296296296,NA,NA,NA,NA
"scenario_method",9,"nonlinear","heteroscedastic","response","explicit_precision",20,74.9342097491535,0.516391990728542,2.73018326912098,2.74625082061061,0,NA,0.102512143435892,0.157175925925926,NA,NA,NA,NA
"scenario_method",10,"low_rank","ar","mcar","explicit_precision",20,83.623308244925,0.220307678251151,0.89940690755684,0.911969804858961,0,NA,0.0973770871833578,0.139583333333333,NA,NA,NA,NA
"scenario_method",1,"null","iid","mcar","iid_analytic",20,NA,0.142700109820506,NA,NA,0.9,0.05,0.0652768638632609,0.140925925925926,NA,NA,NA,NA
"scenario_method",2,"null","heteroscedastic","response","iid_analytic",20,NA,0.486963318969148,NA,NA,0.9,0.05,0.0684688687537952,0.166527777777778,NA,NA,NA,NA
"scenario_method",3,"ordinal","iid","mcar","iid_analytic",20,31.5512158187157,0.208505757053598,-0.0682585966792615,0.267362099192808,0.55,NA,0.0651773820542203,0.138888888888889,NA,NA,NA,NA
"scenario_method",4,"ordinal","heteroscedastic","response","iid_analytic",20,56.9512864131845,0.576532264723963,0.453912902589832,0.629010476357786,0.95,NA,0.0677207081453405,0.159583333333333,NA,NA,NA,NA
"scenario_method",5,"nonlinear","ar","mcar","iid_analytic",20,76.2369523955671,0.304967756635484,-0.082251429343809,0.192022408415696,0.9,NA,0.0657014366352602,0.145833333333333,NA,NA,NA,NA
"scenario_method",6,"interaction","ar","response","iid_analytic",20,88.3701325762415,0.38074235450204,0.0129461888591419,0.18243919217514,0.8,NA,0.0675010900727813,0.157314814814815,NA,NA,NA,NA
"scenario_method",7,"low_rank","unequal_precision","mcar","iid_analytic",20,75.5130558554822,0.412823976603997,0.219818195869841,0.619323932291482,0.85,NA,0.0653886672967555,0.141898148148148,NA,NA,NA,NA
"scenario_method",8,"ordinal","unequal_precision","response","iid_analytic",20,74.4030334192326,0.367002796538206,0.216873236332909,0.87599571067528,0.75,NA,0.0679975416059975,0.161296296296296,NA,NA,NA,NA
"scenario_method",9,"nonlinear","heteroscedastic","response","iid_analytic",20,81.3104585132003,0.535952120654836,0.405038587128167,0.527185738316305,0.8,NA,0.0673609139362816,0.157175925925926,NA,NA,NA,NA
"scenario_method",10,"low_rank","ar","mcar","iid_analytic",20,82.5829415770096,0.244208128507975,-0.0318226429516134,0.153365664191066,0.7,NA,0.0651925788672112,0.139583333333333,NA,NA,NA,NA
"scenario_method",1,"null","iid","mcar","legacy",20,NA,0.178493480870874,NA,NA,0,0.05,0.0652768638632609,0.140925925925926,NA,NA,NA,NA
"scenario_method",2,"null","heteroscedastic","response","legacy",20,NA,0.494864882353653,NA,NA,0,0.05,0.0684688687537952,0.166527777777778,NA,NA,NA,NA
"scenario_method",3,"ordinal","iid","mcar","legacy",20,84.0793095394514,0.259889297570911,1.26533756120608,1.28632599453183,0,NA,0.0651773820542203,0.138888888888889,NA,NA,NA,NA
"scenario_method",4,"ordinal","heteroscedastic","response","legacy",20,81.3630294319666,0.590386893604656,2.90818835406904,2.94684849250623,0,NA,0.0677207081453405,0.159583333333333,NA,NA,NA,NA
"scenario_method",5,"nonlinear","ar","mcar","legacy",20,75.903222675693,0.303202314154998,1.31416495627901,1.33021161869517,0,NA,0.0657014366352602,0.145833333333333,NA,NA,NA,NA
"scenario_method",6,"interaction","ar","response","legacy",20,88.5060431157702,0.430676128829373,1.37112158234045,1.38497730818877,0,NA,0.0675010900727813,0.157314814814815,NA,NA,NA,NA
"scenario_method",7,"low_rank","unequal_precision","mcar","legacy",20,80.8097275742828,0.410429019731261,3.13668819900998,3.20293550751944,0,NA,0.0653886672967555,0.141898148148148,NA,NA,NA,NA
"scenario_method",8,"ordinal","unequal_precision","response","legacy",20,86.1702262410405,0.322979598905853,4.13227237796083,4.24933748569916,0,NA,0.0679975416059975,0.161296296296296,NA,NA,NA,NA
"scenario_method",9,"nonlinear","heteroscedastic","response","legacy",20,74.9567897405497,0.517435647019708,2.85289502373799,2.87052377776549,0,NA,0.0673609139362816,0.157175925925926,NA,NA,NA,NA
"scenario_method",10,"low_rank","ar","mcar","legacy",20,85.1014442385347,0.230947290110815,0.945984593907833,0.956989080455623,0,NA,0.0651925788672112,0.139583333333333,NA,NA,NA,NA
"scenario_method",1,"null","iid","mcar","random_effects",20,NA,0.164262774027982,NA,NA,0,0.05,0.0996983698405453,0.140925925925926,NA,NA,NA,NA
"scenario_method",2,"null","heteroscedastic","response","random_effects",20,NA,0.52211840654933,NA,NA,0,0.05,0.103599608014519,0.166527777777778,NA,NA,NA,NA
"scenario_method",3,"ordinal","iid","mcar","random_effects",20,83.3246945512906,0.283471499555574,1.193545718459,1.21161468071985,0,NA,0.100649097794729,0.138888888888889,NA,NA,NA,NA
"scenario_method",4,"ordinal","heteroscedastic","response","random_effects",20,80.7231959055578,0.585824223354842,2.77076973268579,2.80933343281705,0,NA,0.10209086804301,0.159583333333333,NA,NA,NA,NA
"scenario_method",5,"nonlinear","ar","mcar","random_effects",20,75.8872066546584,0.291010920619185,1.2365288094862,1.2520587397246,0,NA,0.100847391198344,0.145833333333333,NA,NA,NA,NA
"scenario_method",6,"interaction","ar","response","random_effects",20,88.5675714412621,0.435551329091878,1.30367521277482,1.31739352516479,0,NA,0.102373290284254,0.157314814814815,NA,NA,NA,NA
"scenario_method",7,"low_rank","unequal_precision","mcar","random_effects",20,79.9955596732474,0.466119048381702,2.92689187883194,2.98813491593379,0,NA,0.116787762787858,0.141898148148148,NA,NA,NA,NA
"scenario_method",8,"ordinal","unequal_precision","response","random_effects",20,86.0976169659214,0.372948154643993,3.8363726158625,3.96026718842608,0,NA,0.124684548114524,0.161296296296296,NA,NA,NA,NA
"scenario_method",9,"nonlinear","heteroscedastic","response","random_effects",20,74.8751991994113,0.5122312888159,2.73110186306553,2.74711653124217,0,NA,0.101976136336836,0.157175925925926,NA,NA,NA,NA
"scenario_method",10,"low_rank","ar","mcar","random_effects",20,83.9600744679049,0.225377525746904,0.895726687302544,0.907883371167321,0,NA,0.0995451712489643,0.139583333333333,NA,NA,NA,NA
"scenario_method",1,"null","iid","mcar","split_half",20,NA,0.159162436414309,NA,NA,0.9,0.05,0.261835434238097,0.140925925925926,NA,NA,NA,NA
"scenario_method",2,"null","heteroscedastic","response","split_half",20,NA,0.271037476180838,NA,NA,1,0.05,0.277541906431929,0.166527777777778,NA,NA,NA,NA
"scenario_method",3,"ordinal","iid","mcar","split_half",20,74.8946764848579,0.267716034472916,1.25153300599431,1.39634852141072,0.75,NA,0.264764629555848,0.138888888888889,NA,NA,NA,NA
"scenario_method",4,"ordinal","heteroscedastic","response","split_half",20,78.065488048252,0.255379428506749,2.20463072111112,2.52382711390842,0.85,NA,0.26739479445085,0.159583333333333,NA,NA,NA,NA
"scenario_method",5,"nonlinear","ar","mcar","split_half",20,76.2324640578274,0.230683885694752,0.856532732609491,1.03341294011428,0.9,NA,0.260030747616685,0.145833333333333,NA,NA,NA,NA
"scenario_method",6,"interaction","ar","response","split_half",20,87.2155443492936,0.241882482797742,0.72871647053062,0.859124747165278,0.9,NA,0.267796448276772,0.157314814814815,NA,NA,NA,NA
"scenario_method",7,"low_rank","unequal_precision","mcar","split_half",20,78.7281037616944,0.199617167689589,1.95734737092524,2.71510850360806,0.85,NA,0.253966436294362,0.141898148148148,NA,NA,NA,NA
"scenario_method",8,"ordinal","unequal_precision","response","split_half",20,80.408658179855,0.116521829878265,2.66561548148545,3.58503540859269,0.6,NA,0.269201577956454,0.161296296296296,NA,NA,NA,NA
"scenario_method",9,"nonlinear","heteroscedastic","response","split_half",20,72.5585051196373,0.203939843006731,1.35489297768346,1.63478904633957,0.9,NA,0.276809315648175,0.157175925925926,NA,NA,NA,NA
"scenario_method",10,"low_rank","ar","mcar","split_half",20,81.9267338665363,0.213690982467296,0.908080927087034,1.04161209123239,0.8,NA,0.255086935008358,0.139583333333333,NA,NA,NA,NA
"gate",NA,NA,NA,NA,NA,1400,NA,NA,NA,NA,NA,NA,NA,NA,"G1_angle",TRUE,0.724932830494566,"ratio <= 0.90"
"gate",NA,NA,NA,NA,NA,1400,NA,NA,NA,NA,NA,NA,NA,NA,"G1_rmse",TRUE,0.184104539460325,"ratio <= 0.90"
"gate",NA,NA,NA,NA,NA,1400,NA,NA,NA,NA,NA,NA,NA,NA,"G2_explicit_precision",FALSE,0.0499692863511283,"difference <= -0.05 or corrected <= 0.10"
"gate",NA,NA,NA,NA,NA,1400,NA,NA,NA,NA,NA,NA,NA,NA,"G2_random_effects",FALSE,0.0165313550694473,"difference <= -0.05 or corrected <= 0.10"
"gate",NA,NA,NA,NA,NA,1400,NA,NA,NA,NA,NA,NA,NA,NA,"G2_covariance_analytic",TRUE,-0.187814647075775,"difference <= -0.05 or corrected <= 0.10"
"gate",NA,NA,NA,NA,NA,1400,NA,NA,NA,NA,NA,NA,NA,NA,"G2_split_half",TRUE,-0.161655670477107,"difference <= -0.05 or corrected <= 0.10"
"gate",NA,NA,NA,NA,NA,1400,NA,NA,NA,NA,NA,NA,NA,NA,"G3_covariance_analytic",TRUE,-2.03802870965379,"absolute median bias difference <= 0"
"gate",NA,NA,NA,NA,NA,1400,NA,NA,NA,NA,NA,NA,NA,NA,"G4_covariance_analytic",TRUE,0.05,"0.01 <= FPR <= 0.12"
"gate",NA,NA,NA,NA,NA,1400,NA,NA,NA,NA,NA,NA,NA,NA,"G5_covariance_analytic",FALSE,0.69375,"0.80 <= coverage <= 1.00"
"gate",NA,NA,NA,NA,NA,1400,NA,NA,NA,NA,NA,NA,NA,NA,"G3_split_half",TRUE,-0.84844700631591,"absolute median bias difference <= 0"
"gate",NA,NA,NA,NA,NA,1400,NA,NA,NA,NA,NA,NA,NA,NA,"G4_split_half",TRUE,0.05,"0.01 <= FPR <= 0.12"
"gate",NA,NA,NA,NA,NA,1400,NA,NA,NA,NA,NA,NA,NA,NA,"G5_split_half",TRUE,0.81875,"0.80 <= coverage <= 1.00"
"gate",NA,NA,NA,NA,NA,1400,NA,NA,NA,NA,NA,NA,NA,NA,"G6_random_effects_influence",FALSE,1,"ratio <= 0.90"
"gate",NA,NA,NA,NA,NA,1400,NA,NA,NA,NA,NA,NA,NA,NA,"G7_iid_equivalence",TRUE,1.06581410364015e-14,"absolute difference <= 5 degrees"
