"status","path","bytes","sha256","source_head"
" M",".Rbuildignore",367,"648657b236e8cf6f6941dbc1d960e5c3a321cf09d4fc038dbab1a8e2fbc3aff4","30f5b5db2a9ff4d5422f2fb0db0f55fa88141826"
" M",".gitignore",184,"2fe7213c2eebeca6acedc674ae2f84f983d323b2ac5717704280104f56bb8e49","30f5b5db2a9ff4d5422f2fb0db0f55fa88141826"
" M","DESCRIPTION",1481,"5a31f5179ccbb5018c16a009c32b87a9f0d2dd3bfdfd2811f29020392cfb2b72","30f5b5db2a9ff4d5422f2fb0db0f55fa88141826"
" M","NAMESPACE",7088,"4b87685c57ab3308cac596ca12b0e1697891b13f3592a52f3841af1b52e5ca55","30f5b5db2a9ff4d5422f2fb0db0f55fa88141826"
" M","NEWS.md",9584,"b00302cab4b0769a42266948f142343b2ad00127f9da153ed63d4b7ebb3665f3","30f5b5db2a9ff4d5422f2fb0db0f55fa88141826"
" M","R/design-kernel.R",17049,"c99bb05db245814419c899db81fbdff25b30af4cd76f6adb8df82e2c8fa23999","30f5b5db2a9ff4d5422f2fb0db0f55fa88141826"
" M","R/dkge-aggregate.R",73364,"c03273d6a10d6c9e695680f766b930f6675cb5b86b94b5021b5098dd1b83e2c2","30f5b5db2a9ff4d5422f2fb0db0f55fa88141826"
" M","R/dkge-analytic.R",16709,"eca78d376392a69afaffa96dff989d3bda9018b21551e73a41a0f2b02fb274f2","30f5b5db2a9ff4d5422f2fb0db0f55fa88141826"
" M","R/dkge-contrast-validated.R",7564,"334007fbf8893f9e25a347889b3242d20b6a15a17c6fe0fe6a6c48faa0597d13","30f5b5db2a9ff4d5422f2fb0db0f55fa88141826"
" M","R/dkge-contrast.R",21875,"5778472c4c41c6481fc162703316a667cfe611172906301047ff7658b35bdd19","30f5b5db2a9ff4d5422f2fb0db0f55fa88141826"
" M","R/dkge-data.R",35741,"306a2032a2c9939b1e72afcd9d8d0b8ed029e4a7806221028813786cba3d83d7","30f5b5db2a9ff4d5422f2fb0db0f55fa88141826"
" M","R/dkge-effect-grid.R",9917,"49ac140097b5ac303adcce6dacbe137789ef83927deed98111abd131a5fd7410","30f5b5db2a9ff4d5422f2fb0db0f55fa88141826"
" M","R/dkge-fit-core.R",46554,"68403ef930aaf07b8fae92e40e9326b917d6c89fcddc0eb669b3b9d1e96e4006","30f5b5db2a9ff4d5422f2fb0db0f55fa88141826"
" M","R/dkge-fit-from-kernels.R",8616,"a3001e20f79785007264459b1009542fa41f0744c12d912fbd6da4e2e140bb77","30f5b5db2a9ff4d5422f2fb0db0f55fa88141826"
" M","R/dkge-fit.R",25159,"e804b320fd4fccaa1cf68419cbf4b0095440d1b5b06faf25685314ef0f049f1f","30f5b5db2a9ff4d5422f2fb0db0f55fa88141826"
" M","R/dkge-inference.R",19765,"0c22b3e7800c89dfab7566cd4d266ef688e4d3dcfff1d05e48042fd543c8e9e7","30f5b5db2a9ff4d5422f2fb0db0f55fa88141826"
" M","R/dkge-plot.R",50013,"3aa8d52d2f1845635531bb1b02ece4e6d838e147a05d0c01b1af07da532b005a","30f5b5db2a9ff4d5422f2fb0db0f55fa88141826"
" M","R/dkge-targets.R",12672,"78fb622ac3b44e32913e6078df7fcb6c5942204288e03a5e4fb6cc1688fd3a85","30f5b5db2a9ff4d5422f2fb0db0f55fa88141826"
" M","R/dkge-utils.R",11279,"f24007ab5391ceb55dfc37c5c5715070b47f773be94003704f40142e84801322","30f5b5db2a9ff4d5422f2fb0db0f55fa88141826"
" M","R/dkge-weights.R",22287,"442596686325c37584de42a6d1e1865fd91fd49de7f63948e4d7b3e69a3ccdee","30f5b5db2a9ff4d5422f2fb0db0f55fa88141826"
" M","R/globals.R",427,"39354c357677b9db372f293992062843e99e41486b8370a9225d7969665ccfa8","30f5b5db2a9ff4d5422f2fb0db0f55fa88141826"
" M","R/hyperdesign-generics.R",5077,"78b546d974f3bd84180e92b115691033b1040b800b6e216ed6f1fe25d0b5e0b2","30f5b5db2a9ff4d5422f2fb0db0f55fa88141826"
" M","README.md",4299,"b501c14928ab469286ec3e65db55b027876329360e6993f063d2ae5f6f176c8f","30f5b5db2a9ff4d5422f2fb0db0f55fa88141826"
" M","_pkgdown.yml",6730,"c461255a89330c991c6c241ee2b79912694bc0d06cf91529ba4591f080c80c01","30f5b5db2a9ff4d5422f2fb0db0f55fa88141826"
" M","data-raw/dkge-between-rotation-report.md",6240,"43ccc58328bd615b67ab43d339d756dadf8793a7d3a2d96485f41cfb83a0b299","30f5b5db2a9ff4d5422f2fb0db0f55fa88141826"
" M","inst/extdata/dkge-between-rotation-metadata.csv",515,"e267ab454cb59dd4b977f0a75ef64ca8cd2b4d8119ed4340e192a9b5db5de90c","30f5b5db2a9ff4d5422f2fb0db0f55fa88141826"
" M","man/design_kernel.Rd",3605,"18285ab11e07b7529efc441dfa7f015525fa2d4bb67c635561a5b4aedf513b7f","30f5b5db2a9ff4d5422f2fb0db0f55fa88141826"
" M","man/dkge-package.Rd",620,"b82325254796f3e1729f3cd3fc3d8a2d8b4b3821f8e67e7ee24a071ee4a7ae84","30f5b5db2a9ff4d5422f2fb0db0f55fa88141826"
" M","man/dkge.Rd",5842,"87bc8ea3a36002f76e20ef53c7f6e80c2b793e4b1a18cdb36728b8a277ca8a67","30f5b5db2a9ff4d5422f2fb0db0f55fa88141826"
" M","man/dkge_aggregate_bootstrap.Rd",5197,"8f55ae49d820d92f8b27f08694fa1bf7df74b4e724878d11fe7c3434fcdb0391","30f5b5db2a9ff4d5422f2fb0db0f55fa88141826"
" M","man/dkge_aggregate_fit.Rd",3538,"d0d6f600f9fac88a71583bb7c2df46be8f93fcc890582f52796d9830414fab7a","30f5b5db2a9ff4d5422f2fb0db0f55fa88141826"
" M","man/dkge_aggregate_permute.Rd",4538,"5c1a7e58a72a292447020ee7c72c949d41274289d971d7c44e24750cbe00c183","30f5b5db2a9ff4d5422f2fb0db0f55fa88141826"
" M","man/dkge_aggregate_target.Rd",2960,"36dc726631f3cf499a6059352e0bd4788bf4b628ac4dd69c663b9d6535a821ef","30f5b5db2a9ff4d5422f2fb0db0f55fa88141826"
" M","man/dkge_analytic_loso.Rd",2984,"fd7eb9a7a40adb27a5f208e1522ee25977b9ee024fff48dd37a8b2350f46683a","30f5b5db2a9ff4d5422f2fb0db0f55fa88141826"
" M","man/dkge_build_renderer.Rd",3137,"ba096beded7e54b37d64f931d35346c628f4dece1287159b314cd7ea5ebdfb29","30f5b5db2a9ff4d5422f2fb0db0f55fa88141826"
" M","man/dkge_contrast_validated.Rd",2476,"43e5608c6ab86c0e64bb1aac9c8dc0ce7e8f95ab6793e15f400278f40949a798","30f5b5db2a9ff4d5422f2fb0db0f55fa88141826"
" M","man/dkge_data.Rd",1431,"e1a50d4c647b1443d9d78a272e8dfcfc3b8f93ef3ec4f7d0d1fe5935008579b6","30f5b5db2a9ff4d5422f2fb0db0f55fa88141826"
" M","man/dkge_design_basis.Rd",2654,"2e3db533e78c24b087a1b1b03b2196c7dce3dca0455d019f88caaf427d2a5c6a","30f5b5db2a9ff4d5422f2fb0db0f55fa88141826"
" M","man/dkge_effect_grid.Rd",1579,"aca0e805332879d35fb1c164c5830a859bd8eaccff9c37e8adba045fee272cdc","30f5b5db2a9ff4d5422f2fb0db0f55fa88141826"
" M","man/dkge_effect_weights.Rd",1073,"7fac6a47d6efe6b3ee0090c98d7a6e8bb03bce977c82ea1462ccc1544f000e58","30f5b5db2a9ff4d5422f2fb0db0f55fa88141826"
" M","man/dkge_fit_from_kernels.Rd",1902,"a8b1b03e12303bdc42b207ca5202e9fdd233ca52102e07b3862ba18de8ea6fa8","30f5b5db2a9ff4d5422f2fb0db0f55fa88141826"
" M","man/dkge_plot_effect_loadings.Rd",794,"9c288e63a2df0f3f54e8b95418e03f1f62431e988853e8ce3ff1d566a08605ee","30f5b5db2a9ff4d5422f2fb0db0f55fa88141826"
" M","man/dkge_plot_scree.Rd",653,"084fac9386e656574a31621e89105440a7321ffbb161af5d32914c9d1ea34838","30f5b5db2a9ff4d5422f2fb0db0f55fa88141826"
" M","man/dkge_plot_subject_contrib.Rd",767,"d350fad0a8635d200b58fe5bbf1c645a2e6b3def48e57c36d1c061b6d3f5da83","30f5b5db2a9ff4d5422f2fb0db0f55fa88141826"
" M","man/dkge_plot_subspace_stability.Rd",805,"da5988a732ef535774020b791a0a6f65c662987d8dafa84f4c95d0361c022103","30f5b5db2a9ff4d5422f2fb0db0f55fa88141826"
" M","man/dkge_principal_angles_K.Rd",2289,"b2c47e384d930b67e04562640b47f630d4c932c9709e37b1aec8aa936e07ae1a","30f5b5db2a9ff4d5422f2fb0db0f55fa88141826"
" M","man/dkge_qspace-multivarious.Rd",992,"d4405db2ab4ce3ee8cb39985fb19cc0553c70ad7625d7f67516aefe6a08ade02","30f5b5db2a9ff4d5422f2fb0db0f55fa88141826"
" M","man/dkge_render_subject_values.Rd",1564,"4ac55b7bf4eaf9905f670972ed0db4c66399997340406264328b9fbe687bde0a","30f5b5db2a9ff4d5422f2fb0db0f55fa88141826"
" M","man/dkge_signflip_maxT.Rd",1374,"3efabc6f1591cacad44d6737f70e7cacf969e8f77ef96feda2c31c8c918115b5","30f5b5db2a9ff4d5422f2fb0db0f55fa88141826"
" M","man/dkge_subject.Rd",1487,"61f43179c7a9e5c6340a673d38ca79cd51d9baf85a6f331f37f6f85e9c81cc25","30f5b5db2a9ff4d5422f2fb0db0f55fa88141826"
" M","man/dkge_transform_block.Rd",998,"a450fe0afb8b5ed5ae6657988d69edf842fc228f3f2ef98376518c1022d83b62","30f5b5db2a9ff4d5422f2fb0db0f55fa88141826"
" M","man/dkge_weights.Rd",3657,"87cc1eb1a83b286becc7ebd1f0b97bdc3a9acaf5af736e599d4679fa5ee44ada","30f5b5db2a9ff4d5422f2fb0db0f55fa88141826"
" M","tests/testthat/test-analytic-fallback.R",11930,"557b28e5eead1ba6be22c11b4de540cc9c74d62fd8ca049783b55b66e5d6ea4b","30f5b5db2a9ff4d5422f2fb0db0f55fa88141826"
" M","tests/testthat/test-anchor-fit.R",11500,"f06c9221eb47972c027397dc86edb626996886c2636a42f7c1f6f88ffb719508","30f5b5db2a9ff4d5422f2fb0db0f55fa88141826"
" M","tests/testthat/test-between-rotation-evidence.R",4687,"fcc47d9935b5aa6a849e9e0eb7d244510857ae9f5745953a56afe51e6424272c","30f5b5db2a9ff4d5422f2fb0db0f55fa88141826"
" M","tests/testthat/test-cell-vs-cell-cross.R",6113,"c5ce0afe807e03956e3daedde245c78440aaf8d946ff5731013dfbeb002bd9b6","30f5b5db2a9ff4d5422f2fb0db0f55fa88141826"
" M","tests/testthat/test-classify.R",8093,"b7d4f6b9c6771c31813863a44eb6b083d8ae20af7888b2d60cc44756da811b7f","30f5b5db2a9ff4d5422f2fb0db0f55fa88141826"
" M","tests/testthat/test-components.R",3684,"103b160c67dd7a631fcd703716073e05b70fa20dde9679e398ff8ee93b1f050c","30f5b5db2a9ff4d5422f2fb0db0f55fa88141826"
" M","tests/testthat/test-contrast.R",19328,"8b30578e1b642a5caf60c91354a6890e8729497a62f1e326527115ce9d8d0970","30f5b5db2a9ff4d5422f2fb0db0f55fa88141826"
" M","tests/testthat/test-coverage-gaps.R",8543,"8a4c360f0287a9852b93c2f6516c4590f15d8856e2ea1ed990e012e55eeb3622","30f5b5db2a9ff4d5422f2fb0db0f55fa88141826"
" M","tests/testthat/test-data-validation.R",10539,"68992b62d261ddcbc5338a6f0ac0b3ed7fdbf62646397c34e7a5d0d289649289","30f5b5db2a9ff4d5422f2fb0db0f55fa88141826"
" M","tests/testthat/test-data.R",23555,"0097f76bfc14ebdefb0b3449136c5c2cdb6f9ae4d388091df0eb036b7f8345e3","30f5b5db2a9ff4d5422f2fb0db0f55fa88141826"
" M","tests/testthat/test-design-kernel.R",22995,"1af9e5201758a4f00745310d17fc59d4f7c9023da0afc1702c4f06ffe36d3524","30f5b5db2a9ff4d5422f2fb0db0f55fa88141826"
" M","tests/testthat/test-effect-reliability.R",17486,"96efde9c0d7829099f9c188f5b7fbdd8a7923729fce8d2c2055cba7db4a1d690","30f5b5db2a9ff4d5422f2fb0db0f55fa88141826"
" M","tests/testthat/test-fit.R",42061,"eb575bfff3d262beb2a3049a4123a406c2f9365f3ae7b783fff4dbbc3920b610","30f5b5db2a9ff4d5422f2fb0db0f55fa88141826"
" M","tests/testthat/test-hyperdesign-bridge.R",1675,"9dfd174651d097afb670bbcae94d793af76d9a32cbeaf5651903d0383064c29f","30f5b5db2a9ff4d5422f2fb0db0f55fa88141826"
" M","tests/testthat/test-inference.R",5517,"f83bccc09da9f7857284566549c3fe76cec1a4309a7e7db5057c153f73cada9e","30f5b5db2a9ff4d5422f2fb0db0f55fa88141826"
" M","tests/testthat/test-plot-helpers.R",29388,"9ce0b9a8d5c26e56db30a0a8ec30f67f2636a98b0b8f3d3ede78b0a413bc395b","30f5b5db2a9ff4d5422f2fb0db0f55fa88141826"
" M","vignettes/dkge-architecture.Rmd",10937,"4dcd4743016c1b9de6677e1bf62e6cb4c3e3f5d55261edf8406ebe055fd933bf","30f5b5db2a9ff4d5422f2fb0db0f55fa88141826"
" M","vignettes/dkge-between-subjects.Rmd",13187,"7d8ea2aa57672b26e336b2e04cd493ed3259588ac19372457693c7dd526018bc","30f5b5db2a9ff4d5422f2fb0db0f55fa88141826"
" M","vignettes/dkge-concepts.Rmd",11911,"e0e1cb228765fc5730ed7e53e094ae3148f33f65fbe3dd141d8c9639d177dd05","30f5b5db2a9ff4d5422f2fb0db0f55fa88141826"
" M","vignettes/dkge-weighting.Rmd",14598,"fcac79dbb2b52004c071ddd1df7a2bbf71c94034225763e3ce4cd2090c546fc2","30f5b5db2a9ff4d5422f2fb0db0f55fa88141826"
" M","vignettes/dkge.Rmd",4524,"0c9ec49ee7eb5153d187912dff08e5e5a17f7ffce0886a2fabe4aab446fb63d7","30f5b5db2a9ff4d5422f2fb0db0f55fa88141826"
"??",".planning/phases/07-new-paths-remediation/07-01-PLAN.md",22189,"b73799b7ca6c9a4bdc073719f8f87f95950dd91620287702fb47ab1197b22c83","30f5b5db2a9ff4d5422f2fb0db0f55fa88141826"
"??","data-raw/audit-2026-08-17-new-paths-review.md",12846,"cf938158ce01260b15ba37eaaf65e81b8e3a1ca2d28575281306663945ad0eb9","30f5b5db2a9ff4d5422f2fb0db0f55fa88141826"
"??","inst/extdata/dkge-full-coverage-golden-metadata.csv",888,"15c06ea301a1317889084a67622e6d058c166dbb672d30281e5e64a7fb5621a2","30f5b5db2a9ff4d5422f2fb0db0f55fa88141826"
"??","inst/extdata/dkge-full-coverage-golden.csv",562,"3e9609ba79ee868b0cb10c90618702e918d1e237f4e43d735d8f92f162fd8828","30f5b5db2a9ff4d5422f2fb0db0f55fa88141826"
"??","tests/testthat/test-block-factor-validation.R",3988,"8e2482261dc7ab637fe7eede3ff4880861be025445164d64a6a30dd604f63fa3","30f5b5db2a9ff4d5422f2fb0db0f55fa88141826"
"??","tests/testthat/test-full-coverage-golden.R",2332,"8b5fd35cdc1f35d12b6819f1a591a6203647213671ee29f0284735fae104d5ec","30f5b5db2a9ff4d5422f2fb0db0f55fa88141826"
"??","tools/dkge-full-coverage-golden.R",9423,"82461382f9b236b030068db96f7484d9925c0f61cdbaf4182b63292db1bd0c14","30f5b5db2a9ff4d5422f2fb0db0f55fa88141826"
"??","vignettes/dkge-partial-effect-spaces.Rmd",18990,"7bc7488fdb18f0d187c9c8cccb7936f481cd3d743e800ee2546980c6a749c212","30f5b5db2a9ff4d5422f2fb0db0f55fa88141826"
