"cell","arm","n_sim","fwer_rejections","fwer_rate","fwer_ci_lower","fwer_ci_upper","unadjusted_rate","mean_effect_bias","mean_effect_abs_bias","mean_operator_sensitivity","convergence","mean_relative_eigengap","mean_latent_span_predictor"
"baseline","full_permutation_reestimation",40,2,0.05,0.0138206673861484,0.16503877369141,0.2,0.0565821420282758,0.251294144833949,0.226390738634721,0.996875,0.150493453887159,1.00559365784215
"baseline","geometry_only",40,2,0.05,0.0138206673861484,0.16503877369141,0.25,0.0542845126888859,0.231688463324812,0,0.996875,0.150493453887159,1.00559365784215
"baseline","independent_alignment",40,3,0.075,0.0258360257745882,0.198642335243105,0.3,0.0549310362721063,0.242312026616932,0.611867622999534,1,0.150493453887159,1.00559365784215
"baseline","kernel_image_residual_prototype",40,3,0.075,0.0258360257745882,0.198642335243105,0.275,0.0550392927539957,0.231390549262818,0.565683968580024,1,0.150493453887159,1.00559365784215
"baseline","l1_fixed_fullfit_functional",40,4,0.1,0.0395795286826064,0.230517752275223,0.325,0.0561456740444538,0.248036279059529,0.614728663591798,0.996875,0.150493453887159,1.00559365784215
"baseline","l2_fold_loading",40,5,0.125,0.054595002509454,0.261121198388511,0.375,0.0565821420282758,0.251294144833949,0.618311279664531,0.996875,0.150493453887159,1.00559365784215
"baseline","legacy_fullfit_functional",40,4,0.1,0.0395795286826064,0.230517752275223,0.325,0.0562077173360702,0.248020467861062,0.614728663591798,0.996875,0.150493453887159,1.00559365784215
"correlated_space","geometry_only",40,1,0.025,0.00442683150268142,0.128813689634741,0.125,0.0407739417595202,0.184151287015536,0,0.996875,0.133310375134187,1.18045094702771
"correlated_space","independent_alignment",40,2,0.05,0.0138206673861484,0.16503877369141,0.175,0.0423318316421071,0.208592638417546,0.612902765904267,0.99375,0.133310375134187,1.18045094702771
"correlated_space","kernel_image_residual_prototype",40,0,0,0,0.0876216011972866,0.05,0.0413485931344425,0.192291803928295,0.571263893511028,0.990625,0.133310375134187,1.18045094702771
"correlated_space","l1_fixed_fullfit_functional",40,3,0.075,0.0258360257745882,0.198642335243105,0.175,0.0417810060745499,0.215151443974072,0.615061086349619,0.99375,0.133310375134187,1.18045094702771
"correlated_space","l2_fold_loading",40,2,0.05,0.0138206673861484,0.16503877369141,0.225,0.0416644097087532,0.216104117403095,0.622951535065851,0.99375,0.133310375134187,1.18045094702771
"correlated_space","legacy_fullfit_functional",40,3,0.075,0.0258360257745882,0.198642335243105,0.175,0.0414252017269015,0.214855351333671,0.615061086349619,0.99375,0.133310375134187,1.18045094702771
"equal_parcels","geometry_only",40,0,0,0,0.0876216011972866,0.1,-0.00126301464163725,0.189314977487256,0,1,0.141423816110003,1.04073189037757
"equal_parcels","independent_alignment",40,8,0.2,0.104999897254377,0.347573063463995,0.325,-0.00157111796981505,0.229592342888417,0.723293225530672,1,0.141423816110003,1.04073189037757
"equal_parcels","kernel_image_residual_prototype",40,4,0.1,0.0395795286826064,0.230517752275223,0.275,-0.00309493203251345,0.220732149301063,0.691911804215287,1,0.141423816110003,1.04073189037757
"equal_parcels","l1_fixed_fullfit_functional",40,9,0.225,0.123160913235407,0.3750309674231,0.375,-0.00274447040273259,0.263052842451138,0.722391211587785,1,0.141423816110003,1.04073189037757
"equal_parcels","l2_fold_loading",40,8,0.2,0.104999897254377,0.347573063463995,0.45,-0.00273475543468043,0.262828269944504,0.728077120510416,1,0.141423816110003,1.04073189037757
"equal_parcels","legacy_fullfit_functional",40,9,0.225,0.123160913235407,0.3750309674231,0.375,-0.0027182003030984,0.263044875398898,0.722391211587785,1,0.141423816110003,1.04073189037757
"family_2","geometry_only",40,1,0.025,0.00442683150268142,0.128813689634741,0.25,0.00551732721649014,0.205433304985316,0,0.996875,0.142519987687776,1.00272297372683
"family_2","independent_alignment",40,9,0.225,0.123160913235407,0.3750309674231,0.5,0.00533625979426413,0.225900179154621,0.60778734442199,1,0.142519987687776,1.00272297372683
"family_2","kernel_image_residual_prototype",40,3,0.075,0.0258360257745882,0.198642335243105,0.35,0.00583418380023179,0.209168741957174,0.565959372812106,0.996875,0.142519987687776,1.00272297372683
"family_2","l1_fixed_fullfit_functional",40,12,0.3,0.180748452297465,0.454300188181449,0.6,0.00583639994055311,0.246901486077867,0.621724531798822,1,0.142519987687776,1.00272297372683
"family_2","l2_fold_loading",40,12,0.3,0.180748452297465,0.454300188181449,0.625,0.00580108718833914,0.249013881847076,0.628847287811668,1,0.142519987687776,1.00272297372683
"family_2","legacy_fullfit_functional",40,12,0.3,0.180748452297465,0.454300188181449,0.6,0.00590963612293178,0.246979660337191,0.621724531798822,1,0.142519987687776,1.00272297372683
"functional_cost","geometry_only",40,1,0.025,0.00442683150268142,0.128813689634741,0.125,0.0275497864098473,0.195153615493649,0,1,0.143656802162565,1.01997828579799
"functional_cost","independent_alignment",40,4,0.1,0.0395795286826064,0.230517752275223,0.275,0.0227285692578066,0.218560025420823,1.05419885384422,1,0.143656802162565,1.01997828579799
"functional_cost","kernel_image_residual_prototype",40,0,0,0,0.0876216011972866,0.2,0.0210101058700776,0.190899731621195,1.0203938532721,1,0.143656802162565,1.01997828579799
"functional_cost","l1_fixed_fullfit_functional",40,9,0.225,0.123160913235407,0.3750309674231,0.5,0.0206925492852595,0.312616930600381,1.05516372929949,1,0.143656802162565,1.01997828579799
"functional_cost","l2_fold_loading",40,8,0.2,0.104999897254377,0.347573063463995,0.425,0.0202065390610738,0.314916594786302,1.05529510828549,1,0.143656802162565,1.01997828579799
"functional_cost","legacy_fullfit_functional",40,9,0.225,0.123160913235407,0.3750309674231,0.5,0.0207045539107282,0.312570181422783,1.05516372929949,1,0.143656802162565,1.01997828579799
"geometry_cost","geometry_only",40,0,0,0,0.0876216011972866,0.05,-0.0208497341242492,0.208974892253864,0,0.99375,0.15668190061535,0.987390593080133
"geometry_cost","independent_alignment",40,0,0,0,0.0876216011972866,0.05,-0.0208497341242492,0.208974892253864,0,0.99375,0.15668190061535,0.987390593080133
"geometry_cost","kernel_image_residual_prototype",40,0,0,0,0.0876216011972866,0.05,-0.0208497341242492,0.208974892253864,0,0.99375,0.15668190061535,0.987390593080133
"geometry_cost","l1_fixed_fullfit_functional",40,0,0,0,0.0876216011972866,0.05,-0.0208497341242492,0.208974892253864,0,0.99375,0.15668190061535,0.987390593080133
"geometry_cost","l2_fold_loading",40,0,0,0,0.0876216011972866,0.05,-0.0208497341242492,0.208974892253864,0,0.99375,0.15668190061535,0.987390593080133
"geometry_cost","legacy_fullfit_functional",40,0,0,0,0.0876216011972866,0.05,-0.0208379167601293,0.208932088480713,0,0.99375,0.15668190061535,0.987390593080133
"heavy_tail","full_permutation_reestimation",40,0,0,0,0.0876216011972866,0.2,-0.0419049529710772,0.219213167907694,0.200311448026897,0.998185483870968,0.123579444644876,1.27849584039163
"heavy_tail","geometry_only",40,1,0.025,0.00442683150268142,0.128813689634741,0.175,-0.0417204258803442,0.180278765443742,0,1,0.123579444644876,1.27849584039163
"heavy_tail","independent_alignment",40,2,0.05,0.0138206673861484,0.16503877369141,0.25,-0.0422068175172181,0.205323911986172,0.617098994506322,0.990625,0.123579444644876,1.27849584039163
"heavy_tail","kernel_image_residual_prototype",40,2,0.05,0.0138206673861484,0.16503877369141,0.15,-0.043408088479876,0.183163783324109,0.571884526730772,1,0.123579444644876,1.27849584039163
"heavy_tail","l1_fixed_fullfit_functional",40,6,0.15,0.0706118771732036,0.290723243664897,0.3,-0.0420379365055528,0.215981216125798,0.6102894149664,0.996875,0.123579444644876,1.27849584039163
"heavy_tail","l2_fold_loading",40,6,0.15,0.0706118771732036,0.290723243664897,0.325,-0.0419049529710772,0.219213167907694,0.61454814660067,1,0.123579444644876,1.27849584039163
"heavy_tail","legacy_fullfit_functional",40,6,0.15,0.0706118771732036,0.290723243664897,0.3,-0.0419937251687957,0.215866731353202,0.6102894149664,0.996875,0.123579444644876,1.27849584039163
"heteroscedastic","full_permutation_reestimation",40,0,0,0,0.0876216011972866,0.125,0.00258941521949673,0.289852270940814,0.241171493593402,0.996875,0.162611911743268,0.919490593169188
"heteroscedastic","geometry_only",40,2,0.05,0.0138206673861484,0.16503877369141,0.15,0.00494248740081451,0.252832466840288,0,1,0.162611911743268,0.919490593169188
"heteroscedastic","independent_alignment",40,1,0.025,0.00442683150268142,0.128813689634741,0.175,0.00240289499419929,0.265875532770613,0.620820176440866,0.996875,0.162611911743268,0.919490593169188
"heteroscedastic","kernel_image_residual_prototype",40,2,0.05,0.0138206673861484,0.16503877369141,0.15,0.00234962590369646,0.254867410526363,0.566415761750047,0.996875,0.162611911743268,0.919490593169188
"heteroscedastic","l1_fixed_fullfit_functional",40,6,0.15,0.0706118771732036,0.290723243664897,0.225,0.00259208604190719,0.288284276688586,0.624673388772649,0.996875,0.162611911743268,0.919490593169188
"heteroscedastic","l2_fold_loading",40,6,0.15,0.0706118771732036,0.290723243664897,0.225,0.00258941521949673,0.289852270940814,0.623101108838309,0.996875,0.162611911743268,0.919490593169188
"heteroscedastic","legacy_fullfit_functional",40,6,0.15,0.0706118771732036,0.290723243664897,0.225,0.00442655722846483,0.287964690765816,0.624673388772649,0.996875,0.162611911743268,0.919490593169188
"high_epsilon","geometry_only",40,2,0.05,0.0138206673861484,0.16503877369141,0.125,0.0279885164815829,0.202517932254756,0,1,0.125239765817308,1.27219123831182
"high_epsilon","independent_alignment",40,5,0.125,0.054595002509454,0.261121198388511,0.4,0.0302745042688763,0.220623485561577,0.634162720805421,0.996875,0.125239765817308,1.27219123831182
"high_epsilon","kernel_image_residual_prototype",40,1,0.025,0.00442683150268142,0.128813689634741,0.3,0.0307832762524575,0.201863267726799,0.572515080070474,0.996875,0.125239765817308,1.27219123831182
"high_epsilon","l1_fixed_fullfit_functional",40,3,0.075,0.0258360257745882,0.198642335243105,0.35,0.0308584694400383,0.234064589900704,0.640564197363979,0.996875,0.125239765817308,1.27219123831182
"high_epsilon","l2_fold_loading",40,7,0.175,0.0874541374603592,0.319499903317877,0.4,0.0309456395954049,0.236646923539329,0.64898202536709,0.996875,0.125239765817308,1.27219123831182
"high_epsilon","legacy_fullfit_functional",40,3,0.075,0.0258360257745882,0.198642335243105,0.35,0.0308023870204659,0.234011986990877,0.640564197363979,0.996875,0.125239765817308,1.27219123831182
"homoscedastic","geometry_only",40,0,0,0,0.0876216011972866,0.075,-0.0180456229406678,0.196500849935547,0,0.99375,0.129578529041369,1.28233739473322
"homoscedastic","independent_alignment",40,1,0.025,0.00442683150268142,0.128813689634741,0.325,-0.0151271836330044,0.222077945389252,0.616209414408589,0.996875,0.129578529041369,1.28233739473322
"homoscedastic","kernel_image_residual_prototype",40,1,0.025,0.00442683150268142,0.128813689634741,0.175,-0.0157652112011885,0.205352999629717,0.587038897706546,0.99375,0.129578529041369,1.28233739473322
"homoscedastic","l1_fixed_fullfit_functional",40,5,0.125,0.054595002509454,0.261121198388511,0.425,-0.0169066433936822,0.243403822302009,0.629366288062663,0.99375,0.129578529041369,1.28233739473322
"homoscedastic","l2_fold_loading",40,5,0.125,0.054595002509454,0.261121198388511,0.425,-0.0170052500324385,0.2437125009652,0.631268338505515,0.99375,0.129578529041369,1.28233739473322
"homoscedastic","legacy_fullfit_functional",40,5,0.125,0.054595002509454,0.261121198388511,0.425,-0.0168617550913583,0.243386950887496,0.629366288062663,0.99375,0.129578529041369,1.28233739473322
"independent_space","geometry_only",40,3,0.075,0.0258360257745882,0.198642335243105,0.125,-0.0176635563607565,0.195564736726304,0,1,0.148562634180529,0.979880569710495
"independent_space","independent_alignment",40,4,0.1,0.0395795286826064,0.230517752275223,0.275,-0.0148050467397029,0.225495374580552,0.685870469365978,0.996875,0.148562634180529,0.979880569710495
"independent_space","kernel_image_residual_prototype",40,1,0.025,0.00442683150268142,0.128813689634741,0.225,-0.0202587603637481,0.209085777118592,0.619456059129861,0.99375,0.148562634180529,0.979880569710495
"independent_space","l1_fixed_fullfit_functional",40,13,0.325,0.200845022317827,0.479822538101223,0.5,-0.0196973526290644,0.321512544339232,0.678463573329371,0.99375,0.148562634180529,0.979880569710495
"independent_space","l2_fold_loading",40,11,0.275,0.161080162476673,0.428349558062106,0.5,-0.0198910333471212,0.316347479460394,0.675857075139027,0.996875,0.148562634180529,0.979880569710495
"independent_space","legacy_fullfit_functional",40,13,0.325,0.200845022317827,0.479822538101223,0.5,-0.0196910862709714,0.321507123773844,0.678463573329371,0.99375,0.148562634180529,0.979880569710495
"kernel_rank_4","geometry_only",40,1,0.025,0.00442683150268142,0.128813689634741,0.2,0.0308406679131559,0.234849382949162,0,1,0.151223742386723,1.05188098514951
"kernel_rank_4","independent_alignment",40,3,0.075,0.0258360257745882,0.198642335243105,0.25,0.029862483284871,0.235130609571068,0.6263040462768,0.996875,0.151223742386723,1.05188098514951
"kernel_rank_4","kernel_image_residual_prototype",40,0,0,0,0.0876216011972866,0.25,0.0286742135010901,0.230472120007729,0.642454384181314,0.990625,0.151223742386723,1.05188098514951
"kernel_rank_4","l1_fixed_fullfit_functional",40,4,0.1,0.0395795286826064,0.230517752275223,0.3,0.0302233745805479,0.257749515933439,0.621436412996121,0.996875,0.151223742386723,1.05188098514951
"kernel_rank_4","l2_fold_loading",40,3,0.075,0.0258360257745882,0.198642335243105,0.25,0.0307905658049155,0.257819153173554,0.62503197809588,0.996875,0.151223742386723,1.05188098514951
"kernel_rank_4","legacy_fullfit_functional",40,4,0.1,0.0395795286826064,0.230517752275223,0.3,0.0302431705064202,0.25778306154751,0.621436412996121,0.996875,0.151223742386723,1.05188098514951
"large_S","geometry_only",40,1,0.025,0.00442683150268142,0.128813689634741,0.15,-0.0289256071911458,0.120052801741744,0,0.996875,0.120331768511937,0.412178582814054
"large_S","independent_alignment",40,6,0.15,0.0706118771732036,0.290723243664897,0.25,-0.0281679828737588,0.128873688129697,0.739431301501757,0.99609375,0.120331768511937,0.412178582814054
"large_S","kernel_image_residual_prototype",40,3,0.075,0.0258360257745882,0.198642335243105,0.25,-0.0286656155349597,0.119674046298075,0.70959821333802,0.99609375,0.120331768511937,0.412178582814054
"large_S","l1_fixed_fullfit_functional",40,13,0.325,0.200845022317827,0.479822538101223,0.45,-0.0276071083248399,0.154571221302658,0.748666750898086,0.99609375,0.120331768511937,0.412178582814054
"large_S","l2_fold_loading",40,13,0.325,0.200845022317827,0.479822538101223,0.45,-0.0276398652086405,0.154657642532293,0.750703838160057,0.99609375,0.120331768511937,0.412178582814054
"large_S","legacy_fullfit_functional",40,13,0.325,0.200845022317827,0.479822538101223,0.45,-0.0276126782457621,0.154564858161612,0.748666750898086,0.99609375,0.120331768511937,0.412178582814054
"low_epsilon","geometry_only",40,1,0.025,0.00442683150268142,0.128813689634741,0.05,-0.0248972952158932,0.209276893580651,0,0.953125,0.14978883570847,0.983738819733987
"low_epsilon","independent_alignment",40,0,0,0,0.0876216011972866,0.125,-0.0225310973954654,0.206740357825224,0.647882132195407,0.978125,0.14978883570847,0.983738819733987
"low_epsilon","kernel_image_residual_prototype",40,1,0.025,0.00442683150268142,0.128813689634741,0.05,-0.0224669498915016,0.207258392054617,0.612013514494406,0.971875,0.14978883570847,0.983738819733987
"low_epsilon","l1_fixed_fullfit_functional",40,3,0.075,0.0258360257745882,0.198642335243105,0.2,-0.0233979242194743,0.22872988390942,0.64563329422868,0.98125,0.14978883570847,0.983738819733987
"low_epsilon","l2_fold_loading",40,3,0.075,0.0258360257745882,0.198642335243105,0.175,-0.0233614335746002,0.228070098141492,0.646654422690982,0.978125,0.14978883570847,0.983738819733987
"low_epsilon","legacy_fullfit_functional",40,3,0.075,0.0258360257745882,0.198642335243105,0.2,-0.0234035919369191,0.228668910225197,0.64563329422868,0.98125,0.14978883570847,0.983738819733987
"medium_S","full_permutation_reestimation",40,2,0.05,0.0138206673861484,0.16503877369141,0.125,-0.014933781573141,0.193463806681842,0.232862167846649,0.997681451612903,0.142801334034678,0.653980888706523
"medium_S","geometry_only",40,1,0.025,0.00442683150268142,0.128813689634741,0.1,-0.013320372473572,0.155448008191265,0,0.996875,0.142801334034678,0.653980888706523
"medium_S","independent_alignment",40,3,0.075,0.0258360257745882,0.198642335243105,0.2,-0.0136234882697745,0.161045322257134,0.750112399935028,0.996875,0.142801334034678,0.653980888706523
"medium_S","kernel_image_residual_prototype",40,2,0.05,0.0138206673861484,0.16503877369141,0.2,-0.0144615090137954,0.159040500153904,0.718894993563579,0.9953125,0.142801334034678,0.653980888706523
"medium_S","l1_fixed_fullfit_functional",40,5,0.125,0.054595002509454,0.261121198388511,0.325,-0.0152535296994328,0.193428117779157,0.748025556192014,0.9984375,0.142801334034678,0.653980888706523
"medium_S","l2_fold_loading",40,6,0.15,0.0706118771732036,0.290723243664897,0.325,-0.014933781573141,0.193463806681842,0.7535753132482,0.9984375,0.142801334034678,0.653980888706523
"medium_S","legacy_fullfit_functional",40,5,0.125,0.054595002509454,0.261121198388511,0.325,-0.0152299381469375,0.193411374036646,0.748025556192014,0.9984375,0.142801334034678,0.653980888706523
"rank_2","full_permutation_reestimation",40,0,0,0,0.0876216011972866,0.05,0.00129161105553654,0.225227304140287,0.306675545860856,0.998588709677419,0.169852471786306,0.914669990885381
"rank_2","geometry_only",40,0,0,0,0.0876216011972866,0.025,0.00231822417432767,0.113208389655113,0,0.996875,0.169852471786306,0.914669990885381
"rank_2","independent_alignment",40,6,0.15,0.0706118771732036,0.290723243664897,0.4,0.00108706181815935,0.204433826657541,0.677814315063112,0.996875,0.169852471786306,0.914669990885381
"rank_2","kernel_image_residual_prototype",40,2,0.05,0.0138206673861484,0.16503877369141,0.25,0.00162419360307672,0.138558613254259,0.546174735571662,0.99375,0.169852471786306,0.914669990885381
"rank_2","l1_fixed_fullfit_functional",40,11,0.275,0.161080162476673,0.428349558062106,0.475,0.00163999685515086,0.223694053254353,0.665277635779126,1,0.169852471786306,0.914669990885381
"rank_2","l2_fold_loading",40,11,0.275,0.161080162476673,0.428349558062106,0.525,0.00129161105553654,0.225227304140287,0.672628086959372,0.996875,0.169852471786306,0.914669990885381
"rank_2","legacy_fullfit_functional",40,11,0.275,0.161080162476673,0.428349558062106,0.475,0.00161002557010122,0.223587523218756,0.665277635779126,1,0.169852471786306,0.914669990885381
"rank_4","geometry_only",40,0,0,0,0.0876216011972866,0.05,-0.0216928143161042,0.233189934757698,0,0.99375,0.146026887531011,0.900208134482043
"rank_4","independent_alignment",40,0,0,0,0.0876216011972866,0.05,-0.0218436835434708,0.230317458219092,0.590754598856599,1,0.146026887531011,0.900208134482043
"rank_4","kernel_image_residual_prototype",40,0,0,0,0.0876216011972866,0.075,-0.0210167138240108,0.230207109251252,0.58751500956267,1,0.146026887531011,0.900208134482043
"rank_4","l1_fixed_fullfit_functional",40,1,0.025,0.00442683150268142,0.128813689634741,0.175,-0.023330503888455,0.250983227114617,0.591503019558127,1,0.146026887531011,0.900208134482043
"rank_4","l2_fold_loading",40,1,0.025,0.00442683150268142,0.128813689634741,0.175,-0.0234306244945522,0.250399374167657,0.594291084448963,1,0.146026887531011,0.900208134482043
"rank_4","legacy_fullfit_functional",40,1,0.025,0.00442683150268142,0.128813689634741,0.175,-0.023334774694973,0.250982794317645,0.591503019558127,1,0.146026887531011,0.900208134482043
"small_S","geometry_only",40,1,0.025,0.00442683150268142,0.128813689634741,0.125,0.010378376440245,0.218754781054081,0,1,0.147053086003123,1.0352945947347
"small_S","independent_alignment",40,4,0.1,0.0395795286826064,0.230517752275223,0.3,0.00910674757947639,0.236439975603191,0.632165890418172,0.99375,0.147053086003123,1.0352945947347
"small_S","kernel_image_residual_prototype",40,1,0.025,0.00442683150268142,0.128813689634741,0.15,0.00841087628087238,0.2178466793958,0.572889953525143,1,0.147053086003123,1.0352945947347
"small_S","l1_fixed_fullfit_functional",40,4,0.1,0.0395795286826064,0.230517752275223,0.275,0.00871582436970114,0.255631185569354,0.617712397337421,1,0.147053086003123,1.0352945947347
"small_S","l2_fold_loading",40,4,0.1,0.0395795286826064,0.230517752275223,0.3,0.0085066494760779,0.258229922419042,0.621764640077891,1,0.147053086003123,1.0352945947347
"small_S","legacy_fullfit_functional",40,4,0.1,0.0395795286826064,0.230517752275223,0.275,0.00870391008162478,0.255610465394159,0.617712397337421,1,0.147053086003123,1.0352945947347
"small_gap","full_permutation_reestimation",40,2,0.05,0.0138206673861484,0.16503877369141,0.225,0.0234996479280405,0.273809547612006,0.412026735093406,0.996572580645161,0.0869829430963046,1.55147566315322
"small_gap","geometry_only",40,1,0.025,0.00442683150268142,0.128813689634741,0.175,0.025403971554302,0.2203109583906,0,0.990625,0.0869829430963046,1.55147566315322
"small_gap","independent_alignment",40,2,0.05,0.0138206673861484,0.16503877369141,0.175,0.0253690203195594,0.230900540205421,0.575366401157107,1,0.0869829430963046,1.55147566315322
"small_gap","kernel_image_residual_prototype",40,2,0.05,0.0138206673861484,0.16503877369141,0.175,0.0245752756796389,0.223750496581016,0.571130252174347,0.996875,0.0869829430963046,1.55147566315322
"small_gap","l1_fixed_fullfit_functional",40,8,0.2,0.104999897254377,0.347573063463995,0.325,0.0233237105816066,0.270888968938708,0.57754562309305,1,0.0869829430963046,1.55147566315322
"small_gap","l2_fold_loading",40,6,0.15,0.0706118771732036,0.290723243664897,0.375,0.0234996479280405,0.273809547612006,0.581348381971112,1,0.0869829430963046,1.55147566315322
"small_gap","legacy_fullfit_functional",40,8,0.2,0.104999897254377,0.347573063463995,0.325,0.0233249802950142,0.270837005717709,0.57754562309305,1,0.0869829430963046,1.55147566315322
"strong_nuisance","geometry_only",40,1,0.025,0.00442683150268142,0.128813689634741,0.05,0.00241485396445356,0.0413658103819542,0,1,0.172608285459276,0.732847358190789
"strong_nuisance","independent_alignment",40,17,0.425,0.285093925599504,0.578049314580089,0.55,0.00228699787005612,0.106882996268032,0.643809122367053,0.99375,0.172608285459276,0.732847358190789
"strong_nuisance","kernel_image_residual_prototype",40,2,0.05,0.0138206673861484,0.16503877369141,0.15,0.00113472609786016,0.0539807354797103,0.584758490937195,0.99375,0.172608285459276,0.732847358190789
"strong_nuisance","l1_fixed_fullfit_functional",40,13,0.325,0.200845022317827,0.479822538101223,0.55,0.00201445505993457,0.10598361424616,0.633083954915052,0.990625,0.172608285459276,0.732847358190789
"strong_nuisance","l2_fold_loading",40,14,0.35,0.221345288731763,0.504941191627423,0.55,0.00202625141503842,0.106669315149306,0.635379993267256,0.99375,0.172608285459276,0.732847358190789
"strong_nuisance","legacy_fullfit_functional",40,13,0.325,0.200845022317827,0.479822538101223,0.55,0.00201466048184295,0.10598473412139,0.633083954915052,0.990625,0.172608285459276,0.732847358190789
"weak_nuisance","geometry_only",40,0,0,0,0.0876216011972866,0.125,-0.023147002753648,0.243186818135135,0,1,0.126224594372568,1.3218226380762
"weak_nuisance","independent_alignment",40,0,0,0,0.0876216011972866,0.125,-0.0217460847771281,0.239455974589516,0.538177851094008,0.996875,0.126224594372568,1.3218226380762
"weak_nuisance","kernel_image_residual_prototype",40,0,0,0,0.0876216011972866,0.15,-0.022547612176863,0.23141040374818,0.557749956941867,1,0.126224594372568,1.3218226380762
"weak_nuisance","l1_fixed_fullfit_functional",40,1,0.025,0.00442683150268142,0.128813689634741,0.2,-0.0239117501080081,0.272251516856567,0.563556112866554,1,0.126224594372568,1.3218226380762
"weak_nuisance","l2_fold_loading",40,0,0,0,0.0876216011972866,0.2,-0.0237395731286778,0.273557867125385,0.563304016418327,1,0.126224594372568,1.3218226380762
"weak_nuisance","legacy_fullfit_functional",40,1,0.025,0.00442683150268142,0.128813689634741,0.2,-0.0239226540422287,0.272263268905484,0.563556112866554,1,0.126224594372568,1.3218226380762
