"seed","arm","maxT_statistic","p_value","reject","correlation","rmse","amplitude_ratio","positive_peak_error","negative_peak_error","latent_error","point_spread","solver_converged","template_converged","template_iterations","runtime_seconds"
91201,"iterative_template",2.98102699196139,0.1875,FALSE,0.25357248029077,0.382051616847597,1.55130586194277,0.111111111111111,0.111111111111111,0.335490144124175,1.01751246235466,TRUE,TRUE,22,88.403
91201,"raw_functional_medoid",2.33871561119045,0.453125,FALSE,0.458491122367225,0.309270141288445,1.41607759846265,0.111111111111111,0.111111111111111,0.270030687262012,1.36587344035607,TRUE,TRUE,22,88.403
91201,"geometry_only",2.33140424450409,0.4140625,FALSE,-0.167245384529953,0.536285429997671,1.88629092280032,0.333333333333333,0.666666666666667,0.388888888689368,1.00000004499307,TRUE,TRUE,22,88.403
91201,"ordinary_mni_average",2.33140424234617,0.4140625,FALSE,-0.167245384280241,0.53628543074647,1.8862909265771,0.333333333333333,0.666666666666667,0.388888888888889,1,TRUE,TRUE,22,88.403
91202,"iterative_template",2.88050604367105,0.2578125,FALSE,0.336334982178025,0.325434290336528,1.34066786817388,0.222222222222222,0.111111111111111,0.258294703407348,1.00880599373418,TRUE,TRUE,25,98.917
91202,"raw_functional_medoid",2.55554801796264,0.3359375,FALSE,-0.024210838613186,0.341490764019672,1.01997314126775,0.222222222222222,0.111111111111111,0.273668544441028,1.11566737955105,TRUE,TRUE,25,98.917
91202,"geometry_only",2.88187142299337,0.2421875,FALSE,0.399149922627977,0.322406648739895,1.40873819321665,0.111111111111111,0,0.388888888689368,1.00000004499307,TRUE,TRUE,25,98.917
91202,"ordinary_mni_average",2.88187142431183,0.2421875,FALSE,0.399149921861202,0.322406649556784,1.40873819687905,0.111111111111111,0,0.388888888888889,1,TRUE,TRUE,25,98.917
91203,"iterative_template",2.06060463869714,0.578125,FALSE,-0.0588720086553816,0.418123564009866,1.36463376925736,0.222222222222222,0,0.294165867224927,1.0401394065792,TRUE,TRUE,10,38.654
91203,"raw_functional_medoid",2.24920854112747,0.4765625,FALSE,-0.152771182126344,0.40056163897641,1.18339583617398,0.222222222222222,0.555555555555555,0.311956711394625,1.20240542767738,TRUE,TRUE,10,38.654
91203,"geometry_only",3.05104457318757,0.1484375,FALSE,0.273495257203708,0.38352943560625,1.53629413655637,0.222222222222222,0.111111111111111,0.388888888689368,1.00000004499307,TRUE,TRUE,10,38.654
91203,"ordinary_mni_average",3.05104457337451,0.1484375,FALSE,0.273495256538322,0.383529436487885,1.53629414060428,0.222222222222222,0.111111111111111,0.388888888888889,1,TRUE,TRUE,10,38.654
91204,"iterative_template",2.54766098974673,0.3359375,FALSE,0.486994970348573,0.31688074927829,1.51582820714402,0,0.222222222222222,0.366937149210384,1.01300990026626,TRUE,TRUE,22,86.203
91204,"raw_functional_medoid",2.97573343188068,0.1953125,FALSE,0.527387653756919,0.279223560854832,1.35941083473753,0.222222222222222,0.111111111111111,0.314230295857263,1.22839513518039,TRUE,TRUE,22,86.203
91204,"geometry_only",2.02247154255299,0.4765625,FALSE,-0.425733556722043,0.480717185288931,1.41087034985704,0.333333333333333,0,0.388888888689368,1.00000004499307,TRUE,TRUE,22,86.203
91204,"ordinary_mni_average",2.02247154339871,0.4765625,FALSE,-0.42573355605857,0.480717185837859,1.41087035297311,0.333333333333333,0,0.388888888888889,1,TRUE,TRUE,22,86.203
91205,"iterative_template",2.23400634002688,0.421875,FALSE,-0.32705957347581,0.414624912831411,1.13692790935416,0.666666666666667,0.444444444444444,0.347163977396712,1.00558126297954,TRUE,TRUE,14,40.452
91205,"raw_functional_medoid",1.09056119272265,0.9921875,FALSE,0.594912991562408,0.200413878398052,0.590043787258271,0,0.222222222222222,0.33914466973598,1.06866741225219,TRUE,TRUE,14,40.452
91205,"geometry_only",2.70823842613063,0.2421875,FALSE,0.446917917275423,0.280603967220409,1.18557217085332,0.111111111111111,0,0.388888888689368,1.00000004499307,TRUE,TRUE,14,40.452
91205,"ordinary_mni_average",2.70823842741889,0.2421875,FALSE,0.446917916417102,0.280603967775059,1.18557217329797,0.111111111111111,0,0.388888888888889,1,TRUE,TRUE,14,40.452
91206,"iterative_template",3.20059356485996,0.171875,FALSE,0.574785132897001,0.263680999022015,1.27512594454015,0.111111111111111,0.111111111111111,0.271655457295735,1.03893521703766,TRUE,TRUE,14,60.127
91206,"raw_functional_medoid",2.63648033652955,0.2890625,FALSE,0.562509340400335,0.260739346099707,1.23198026373124,0.111111111111111,0.111111111111111,0.270907039906544,1.19956541356953,TRUE,TRUE,14,60.127
91206,"geometry_only",3.9121612947419,0.0703125,FALSE,-0.631929830160914,0.524086024510112,1.43705514718109,0.444444444444444,0.555555555555555,0.388888888689368,1.00000004499307,TRUE,TRUE,14,60.127
91206,"ordinary_mni_average",3.91216129136608,0.0703125,FALSE,-0.631929829331452,0.524086024965056,1.43705514984774,0.444444444444444,0.555555555555555,0.388888888888889,1,TRUE,TRUE,14,60.127
91207,"iterative_template",3.65789462028961,0.078125,FALSE,0.398144123331708,0.491126056495729,2.27447177261594,0.777777777777778,0.111111111111111,0.303679955858974,1.09533815186166,TRUE,TRUE,12,27.453
91207,"raw_functional_medoid",3.24192061288451,0.171875,FALSE,0.293430052733308,0.449312698616628,1.94718162441103,0.777777777777778,0.111111111111111,0.268397876496181,1.22276942538182,TRUE,TRUE,12,27.453
91207,"geometry_only",2.0298430661686,0.53125,FALSE,-0.172734188474024,0.411429302126192,1.27193877453364,0.444444444444444,0.777777777777778,0.388888888689368,1.00000004499307,TRUE,TRUE,12,27.453
91207,"ordinary_mni_average",2.02984306730808,0.53125,FALSE,-0.172734188143914,0.411429302506933,1.27193877679129,0.444444444444444,0.777777777777778,0.388888888888889,1,TRUE,TRUE,12,27.453
91208,"iterative_template",3.41358051744361,0.1171875,FALSE,0.3731044654119,0.341081475555636,1.48838827392228,0.222222222222222,0.111111111111111,0.234513102514568,1.02707071505975,TRUE,TRUE,17,76.589
91208,"raw_functional_medoid",1.49734370445779,0.875,FALSE,0.515850294647286,0.224783145769121,0.936460451513452,0.222222222222222,0.111111111111111,0.220551964534626,1.2518469072913,TRUE,TRUE,17,76.589
91208,"geometry_only",2.33088892943015,0.3828125,FALSE,0.280445192530738,0.327964576099007,1.29242245318225,0.222222222222222,0.111111111111111,0.388888888689368,1.00000004499307,TRUE,TRUE,17,76.589
91208,"ordinary_mni_average",2.33088892964072,0.3828125,FALSE,0.28044519179718,0.327964576750734,1.29242245607695,0.222222222222222,0.111111111111111,0.388888888888889,1,TRUE,TRUE,17,76.589
91209,"iterative_template",2.78150030497818,0.234375,FALSE,0.155125185892778,0.387932337958673,1.4148600547138,0.111111111111111,0.111111111111111,0.347615723886639,1.0156577455028,TRUE,TRUE,10,32.951
91209,"raw_functional_medoid",4.33581903351546,0.046875,TRUE,0.199924772498521,0.37611435927449,1.39944576207135,0.111111111111111,0.111111111111111,0.312956887800217,1.07527206206653,TRUE,TRUE,10,32.951
91209,"geometry_only",1.91452458520944,0.6640625,FALSE,0.160852695022056,0.300219324480534,0.863445208541874,0.666666666666667,0.222222222222222,0.388888888689368,1.00000004499307,TRUE,TRUE,10,32.951
91209,"ordinary_mni_average",1.91452458455549,0.6640625,FALSE,0.160852694397803,0.300219324834059,0.863445210515062,0.666666666666667,0.222222222222222,0.388888888888889,1,TRUE,TRUE,10,32.951
91210,"iterative_template",2.95240413304383,0.1875,FALSE,0.160326361835209,0.460685978962992,1.78536319934738,0.222222222222222,0,0.32658970478778,1.02212215242356,TRUE,TRUE,21,68.467
91210,"raw_functional_medoid",2.66790945295847,0.265625,FALSE,0.419667143027625,0.389459154951768,1.72085643018955,0.222222222222222,0,0.357703062338559,1.1874256769292,TRUE,TRUE,21,68.467
91210,"geometry_only",1.45177104185676,0.9375,FALSE,0.285975143612137,0.297169827291297,0.956128362445414,0.444444444444444,0.111111111111111,0.388888888689368,1.00000004499307,TRUE,TRUE,21,68.467
91210,"ordinary_mni_average",1.45177103708527,0.9375,FALSE,0.285975143155952,0.297169827558788,0.956128363946307,0.444444444444444,0.111111111111111,0.388888888888889,1,TRUE,TRUE,21,68.467
91211,"iterative_template",2.12595236280578,0.578125,FALSE,-0.317153403933086,0.455895877199162,1.33316475199589,0.333333333333333,0.333333333333333,0.362942106849753,1.05028960425497,TRUE,TRUE,18,66.744
91211,"raw_functional_medoid",3.43951536689287,0.1328125,FALSE,0.236393159506491,0.315456021434659,1.08106054309157,0.777777777777778,0.111111111111111,0.354001488470218,1.13016524308224,TRUE,TRUE,18,66.744
91211,"geometry_only",3.61182175344005,0.140625,FALSE,0.364053033157899,0.292797279787148,1.09900658273982,0,0.111111111111111,0.388888888689368,1.00000004499307,TRUE,TRUE,18,66.744
91211,"ordinary_mni_average",3.61182175231032,0.140625,FALSE,0.364053032441794,0.292797280368303,1.09900658586901,0,0.111111111111111,0.388888888888889,1,TRUE,TRUE,18,66.744
91212,"iterative_template",4.63692312098592,0.0703125,FALSE,0.15789159799997,0.449234519700505,1.64168310899588,0.444444444444444,0.222222222222222,0.318636553940172,1.08754969696684,TRUE,TRUE,14,45.741
91212,"raw_functional_medoid",3.43564526203186,0.1328125,FALSE,0.316462812706942,0.377848510152163,1.41464423077584,0.111111111111111,0.222222222222222,0.31488119801412,1.36227106731993,TRUE,TRUE,14,45.741
91212,"geometry_only",2.78949138326779,0.2421875,FALSE,0.25664284692714,0.392768169035768,1.43154012020897,0.222222222222222,0.777777777777778,0.388888888689368,1.00000004499307,TRUE,TRUE,14,45.741
91212,"ordinary_mni_average",2.78949138218073,0.2421875,FALSE,0.2566428463646,0.392768169813243,1.43154012423847,0.222222222222222,0.777777777777778,0.388888888888889,1,TRUE,TRUE,14,45.741
91213,"iterative_template",2.73508309231337,0.296875,FALSE,-0.504804772966331,0.527775050106997,1.50818454161227,0.333333333333333,0.333333333333333,0.347794634006629,1.02028265834237,TRUE,TRUE,10,39.246
91213,"raw_functional_medoid",2.67220508269256,0.328125,FALSE,-0.527737375359756,0.533466741909434,1.5180187603565,0.333333333333333,0.333333333333333,0.333474634758199,1.13385051646992,TRUE,TRUE,10,39.246
91213,"geometry_only",2.72240157067818,0.265625,FALSE,-0.570240996721431,0.452147754672123,1.0964400341957,0.444444444444444,0.333333333333333,0.388888888689368,1.00000004499307,TRUE,TRUE,10,39.246
91213,"ordinary_mni_average",2.72240156954862,0.265625,FALSE,-0.570240996161964,0.452147754923745,1.09644003580206,0.444444444444444,0.333333333333333,0.388888888888889,1,TRUE,TRUE,10,39.246
91214,"iterative_template",2.53120925538919,0.3046875,FALSE,0.611163712060074,0.289544715195467,1.3672133113013,0.222222222222222,0.111111111111111,0.216465992164013,1.01879077581412,TRUE,FALSE,25,73.621
91214,"raw_functional_medoid",2.61754435826428,0.28125,FALSE,0.554046380425492,0.30159778623193,1.35051837849622,0.222222222222222,0.111111111111111,0.192065425014943,1.10566843185038,TRUE,FALSE,25,73.621
91214,"geometry_only",1.10649422380158,0.9453125,FALSE,-0.21691995725973,0.334929102647631,0.654617730731471,0.444444444444444,0,0.388888888689368,1.00000004499307,TRUE,FALSE,25,73.621
91214,"ordinary_mni_average",1.10649422503702,0.9453125,FALSE,-0.216919956579496,0.334929102847767,0.654617732637622,0.444444444444444,0,0.388888888888889,1,TRUE,FALSE,25,73.621
91215,"iterative_template",2.35563253754826,0.4609375,FALSE,0.821732944881054,0.197879853694705,1.39320027037238,0.111111111111111,0.111111111111111,0.281382296988589,1.04192096072982,TRUE,TRUE,19,97.265
91215,"raw_functional_medoid",1.94714953327055,0.59375,FALSE,0.664671278873781,0.235343957466975,1.28722949496352,0.111111111111111,0.111111111111111,0.310188410078517,1.02810160071788,TRUE,TRUE,19,97.265
91215,"geometry_only",1.75325802393605,0.7109375,FALSE,0.119418668027948,0.31216130355262,0.969707804307055,0.222222222222222,0.111111111111111,0.388888888689368,1.00000004499307,TRUE,TRUE,19,97.265
91215,"ordinary_mni_average",1.75325802362873,0.7109375,FALSE,0.119418667965503,0.312161304027824,0.969707807400626,0.222222222222222,0.111111111111111,0.388888888888889,1,TRUE,TRUE,19,97.265
91216,"iterative_template",3.27313378529824,0.1171875,FALSE,0.0617479355143396,0.349710517375605,1.16731874793653,0.555555555555555,0.111111111111111,0.25083490937264,1.01514299868238,TRUE,TRUE,14,50.551
91216,"raw_functional_medoid",2.33258517448034,0.3671875,FALSE,0.222873434106496,0.326213365418732,1.21284012392105,0.222222222222222,0.111111111111111,0.223269134627286,1.21980594463825,TRUE,TRUE,14,50.551
91216,"geometry_only",1.86922238791228,0.6796875,FALSE,0.0420295954669042,0.33014523994336,1.03144503146453,0.555555555555555,0.777777777777778,0.388888888689368,1.00000004499307,TRUE,TRUE,14,50.551
91216,"ordinary_mni_average",1.86922238893461,0.6796875,FALSE,0.0420295955475049,0.330145240429161,1.03144503448916,0.555555555555555,0.777777777777778,0.388888888888889,1,TRUE,TRUE,14,50.551
91217,"iterative_template",4.025676045371,0.0625,FALSE,0.666914912617413,0.346614790238712,1.92016203427939,0.111111111111111,0,0.352168919614429,1.00610883669963,TRUE,TRUE,18,57.84
91217,"raw_functional_medoid",2.51149664869384,0.28125,FALSE,0.67462605419969,0.253120546473388,1.42547781208614,0.111111111111111,0,0.329305090444071,1.15023757403904,TRUE,TRUE,18,57.84
91217,"geometry_only",2.69761736649587,0.2578125,FALSE,0.0206404265761186,0.373389994246935,1.23549792504452,0.666666666666667,0,0.388888888689368,1.00000004499307,TRUE,TRUE,18,57.84
91217,"ordinary_mni_average",2.69761736856156,0.2578125,FALSE,0.020640426338473,0.37338999506504,1.23549792936423,0.666666666666667,0,0.388888888888889,1,TRUE,TRUE,18,57.84
91218,"iterative_template",3.51882785851151,0.1171875,FALSE,-0.406662989762113,0.603720528665215,1.94018227999949,0.777777777777778,0.333333333333333,0.379005219136934,1.01360768382572,TRUE,TRUE,16,68.241
91218,"raw_functional_medoid",3.74167801397891,0.09375,FALSE,-0.00454943568401725,0.419113523437356,1.37991218499243,0.444444444444444,0.222222222222222,0.299486259691334,1.15328313335381,TRUE,TRUE,16,68.241
91218,"geometry_only",1.25724665942861,0.96875,FALSE,-0.383194367808157,0.415851561466906,1.03610818755013,0.444444444444444,0.777777777777778,0.388888888689368,1.00000004499307,TRUE,TRUE,16,68.241
91218,"ordinary_mni_average",1.25724665847846,0.96875,FALSE,-0.38319436708902,0.41585156168752,1.03610818924771,0.444444444444444,0.777777777777778,0.388888888888889,1,TRUE,TRUE,16,68.241
91219,"iterative_template",2.135747492066,0.59375,FALSE,0.168165078503112,0.336098603929248,1.18833579064294,0.777777777777778,0.222222222222222,0.341345876863628,1.00804575282377,TRUE,TRUE,12,43.218
91219,"raw_functional_medoid",1.49697634878111,0.8125,FALSE,0.0909170702569218,0.319084580888989,0.995662491726966,0.222222222222222,0.111111111111111,0.329945927679443,1.13283559335641,TRUE,TRUE,12,43.218
91219,"geometry_only",2.05706441396588,0.59375,FALSE,0.56495498858167,0.222892347144459,0.993708385071792,0,0.111111111111111,0.388888888689368,1.00000004499307,TRUE,TRUE,12,43.218
91219,"ordinary_mni_average",2.0570644148706,0.59375,FALSE,0.564954988276675,0.222892347341214,0.993708386220426,0,0.111111111111111,0.388888888888889,1,TRUE,TRUE,12,43.218
91220,"iterative_template",2.44428558426645,0.4375,FALSE,0.118773355790865,0.405356630409214,1.51507911747843,0.777777777777778,0.222222222222222,0.311803866605305,1.05111190843602,TRUE,TRUE,16,48.699
91220,"raw_functional_medoid",1.27257396291825,0.9609375,FALSE,0.28626227073154,0.316392958722129,1.20968211929287,0.777777777777778,0.111111111111111,0.316220783206843,1.07742634361764,TRUE,TRUE,16,48.699
91220,"geometry_only",1.89265045999347,0.640625,FALSE,-0.527450529716287,0.444013455631447,1.1486756947144,0.666666666666667,0.444444444444444,0.388888888689368,1.00000004499307,TRUE,TRUE,16,48.699
91220,"ordinary_mni_average",1.89265046306393,0.640625,FALSE,-0.527450528744139,0.444013456104224,1.14867569765257,0.666666666666667,0.444444444444444,0.388888888888889,1,TRUE,TRUE,16,48.699
91221,"iterative_template",5.40060660141891,0.0078125,TRUE,0.701433197650373,0.274734445990777,1.62706199524244,0,0.222222222222222,0.22643594732652,1.08343284811624,TRUE,TRUE,9,35.849
91221,"raw_functional_medoid",2.18277150210544,0.4765625,FALSE,0.691716769220761,0.250742116909011,1.47562377167376,0,0.222222222222222,0.221038070346892,1.10059448604216,TRUE,TRUE,9,35.849
91221,"geometry_only",3.07034297395801,0.1875,FALSE,-0.0225706924650699,0.307992726824245,0.824100698754845,0.222222222222222,0.222222222222222,0.388888888689368,1.00000004499307,TRUE,TRUE,9,35.849
91221,"ordinary_mni_average",3.07034297291956,0.1875,FALSE,-0.0225706926109045,0.307992727078253,0.824100700289092,0.222222222222222,0.222222222222222,0.388888888888889,1,TRUE,TRUE,9,35.849
91222,"iterative_template",2.77596251737294,0.2421875,FALSE,0.586039531230034,0.274310801943386,1.42762910183766,0.111111111111111,0,0.294591454015529,1.02920209024274,TRUE,TRUE,16,40.478
91222,"raw_functional_medoid",11.4189709604158,0.0078125,TRUE,0.368323030086689,0.360443410138627,1.58991650065921,0.111111111111111,0,0.2570258634683,1.18071816302651,TRUE,TRUE,16,40.478
91222,"geometry_only",8.79572094626357,0.0078125,TRUE,0.00744595500242939,0.312207123149744,0.883855994666489,0.333333333333333,0,0.388888888689368,1.00000004499307,TRUE,TRUE,16,40.478
91222,"ordinary_mni_average",8.79572093246826,0.0078125,TRUE,0.0074459551229338,0.312207123460182,0.883855996794157,0.333333333333333,0,0.388888888888889,1,TRUE,TRUE,16,40.478
91223,"iterative_template",2.69847344239127,0.2421875,FALSE,-0.0324046613604211,0.406110979346418,1.311059579316,0.111111111111111,0.444444444444444,0.242740954329776,1.04597318288179,TRUE,TRUE,15,60.476
91223,"raw_functional_medoid",1.48573849788214,0.8515625,FALSE,0.48527835758094,0.251521186010846,0.926863688375674,0.777777777777778,0.111111111111111,0.241673818298597,1.24771707972589,TRUE,TRUE,15,60.476
91223,"geometry_only",2.37926613444274,0.296875,FALSE,-0.282036218759328,0.532732181075716,1.72792305676434,0.444444444444444,0.666666666666667,0.388888888689368,1.00000004499307,TRUE,TRUE,15,60.476
91223,"ordinary_mni_average",2.37926613501369,0.296875,FALSE,-0.282036218363038,0.532732181532689,1.72792305930219,0.444444444444444,0.666666666666667,0.388888888888889,1,TRUE,TRUE,15,60.476
91224,"iterative_template",3.12316937939739,0.1640625,FALSE,0.325386964623985,0.373797933120124,1.58295612907993,0.111111111111111,0,0.306419178398742,1.03139953423114,TRUE,TRUE,17,53.497
91224,"raw_functional_medoid",2.27172986718116,0.5,FALSE,0.0111145210448995,0.387583058509729,1.30186540202955,0.111111111111111,0.777777777777778,0.320285391590934,1.32761785011902,TRUE,TRUE,17,53.497
91224,"geometry_only",1.93379738617667,0.625,FALSE,-0.0486531290912824,0.335278614687755,0.942525017790652,0.444444444444444,0.222222222222222,0.388888888689368,1.00000004499307,TRUE,TRUE,17,53.497
91224,"ordinary_mni_average",1.93379738468799,0.625,FALSE,-0.0486531292769644,0.335278615040186,0.942525019776701,0.444444444444444,0.222222222222222,0.388888888888889,1,TRUE,TRUE,17,53.497
91225,"iterative_template",2.85210675153004,0.203125,FALSE,-0.163698630989435,0.476627752589184,1.60210469903825,0.777777777777778,0.555555555555555,0.291489745409883,1.00719631166986,TRUE,TRUE,13,54.995
91225,"raw_functional_medoid",1.53650474213313,0.84375,FALSE,0.225949049451129,0.284819770001226,0.928107449126305,0.111111111111111,0,0.284175540882754,1.04957401255339,TRUE,TRUE,13,54.995
91225,"geometry_only",1.41613661095647,0.90625,FALSE,-0.17124140190689,0.307011830855228,0.671036889763863,0.222222222222222,0.555555555555555,0.388888888689368,1.00000004499307,TRUE,TRUE,13,54.995
91225,"ordinary_mni_average",1.41613661302812,0.90625,FALSE,-0.171241401666196,0.307011831051093,0.67103689125074,0.222222222222222,0.555555555555555,0.388888888888889,1,TRUE,TRUE,13,54.995
91226,"iterative_template",4.27423304889985,0.0625,FALSE,0.0750321975211538,0.473496684940634,1.79943898025974,0,0.444444444444444,0.286236427960435,1.04941729458159,TRUE,TRUE,21,66.365
91226,"raw_functional_medoid",1.78548264994769,0.703125,FALSE,0.190085268084249,0.345154812448113,1.23809814153583,0.777777777777778,0.444444444444444,0.317307269952184,1.28201603150932,TRUE,TRUE,21,66.365
91226,"geometry_only",2.20127386375376,0.53125,FALSE,-0.256541275326498,0.408525606860157,1.15564576233801,0.333333333333333,0.444444444444444,0.388888888689368,1.00000004499307,TRUE,TRUE,21,66.365
91226,"ordinary_mni_average",2.20127386386416,0.53125,FALSE,-0.256541274822026,0.408525607160108,1.15564576432493,0.333333333333333,0.444444444444444,0.388888888888889,1,TRUE,TRUE,21,66.365
91227,"iterative_template",2.80704029196946,0.2734375,FALSE,0.36437614531515,0.330996233886965,1.41089817317805,0,0.222222222222222,0.230915835999124,1.02951335386213,TRUE,TRUE,13,48.308
91227,"raw_functional_medoid",2.8624170934039,0.25,FALSE,0.567943885137973,0.250883011386776,1.23073207494612,0,0.222222222222222,0.215382867927556,1.15896567204889,TRUE,TRUE,13,48.308
91227,"geometry_only",1.117551415066,0.984375,FALSE,-0.202854179553822,0.326164841459308,0.769777671772983,0.222222222222222,0.222222222222222,0.388888888689368,1.00000004499307,TRUE,TRUE,13,48.308
91227,"ordinary_mni_average",1.11755141572813,0.984375,FALSE,-0.20285417932693,0.32616484170478,0.769777673445838,0.222222222222222,0.222222222222222,0.388888888888889,1,TRUE,TRUE,13,48.308
91228,"iterative_template",3.09411702855679,0.1953125,FALSE,-0.243530493709121,0.47847457576441,1.49420585618445,0.666666666666667,0.777777777777778,0.284423061718912,1.05562814364625,TRUE,TRUE,13,37.341
91228,"raw_functional_medoid",2.10021548737078,0.5390625,FALSE,-0.145158023664967,0.440030980013379,1.38482524415025,0.777777777777778,0.777777777777778,0.29065882416552,1.13620615917438,TRUE,TRUE,13,37.341
91228,"geometry_only",2.49308817532879,0.359375,FALSE,-0.306933473864859,0.454742733808296,1.32181557044157,0.111111111111111,0.777777777777778,0.388888888689368,1.00000004499307,TRUE,TRUE,13,37.341
91228,"ordinary_mni_average",2.49308817542282,0.359375,FALSE,-0.306933473142777,0.454742734166508,1.32181557284185,0.111111111111111,0.777777777777778,0.388888888888889,1,TRUE,TRUE,13,37.341
91229,"iterative_template",3.27258185615996,0.1171875,FALSE,0.326586783598471,0.335463177202179,1.14035704523702,0.777777777777778,0.777777777777778,0.394083480910516,1.02277194784373,TRUE,TRUE,13,43.776
91229,"raw_functional_medoid",2.7510922351911,0.265625,FALSE,-0.230978366089633,0.41605463897753,1.07573308519196,0.111111111111111,0.777777777777778,0.327238393548,1.20001520552748,TRUE,TRUE,13,43.776
91229,"geometry_only",2.41612881420122,0.40625,FALSE,-0.0100043914404817,0.375734885941094,1.02690185030982,0.111111111111111,0.777777777777778,0.388888888689368,1.00000004499307,TRUE,TRUE,13,43.776
91229,"ordinary_mni_average",2.4161288161167,0.40625,FALSE,-0.0100043912954271,0.375734886413194,1.0269018535568,0.111111111111111,0.777777777777778,0.388888888888889,1,TRUE,TRUE,13,43.776
91230,"iterative_template",2.63137118927957,0.28125,FALSE,0.834493494148713,0.211555509185008,1.17252046549262,0,0.111111111111111,0.238550032074134,1.06821043595145,TRUE,TRUE,17,47.031
91230,"raw_functional_medoid",3.10870290760621,0.125,FALSE,0.769195000819364,0.234390998038695,1.20985556875129,0.111111111111111,0,0.247557830965306,1.2419290019615,TRUE,TRUE,17,47.031
91230,"geometry_only",1.86498346456938,0.6484375,FALSE,0.105491145539745,0.447499226365188,1.60538665805032,0.111111111111111,0.444444444444444,0.388888888689368,1.00000004499307,TRUE,TRUE,17,47.031
91230,"ordinary_mni_average",1.86498346731609,0.6484375,FALSE,0.1054911453895,0.447499227273642,1.60538666280634,0.111111111111111,0.444444444444444,0.388888888888889,1,TRUE,TRUE,17,47.031
91231,"iterative_template",1.46146414498475,0.859375,FALSE,-0.0463157062358495,0.368339294782239,1.15327690165534,0.777777777777778,0.333333333333333,0.315000671818387,1.04548364823996,TRUE,TRUE,21,88.965
91231,"raw_functional_medoid",2.33732984949011,0.4453125,FALSE,0.467429083328553,0.265384689097391,1.15421913781895,0,0.111111111111111,0.287709497636754,1.06262014985535,TRUE,TRUE,21,88.965
91231,"geometry_only",2.9214635895102,0.1875,FALSE,-0.465901623866017,0.503188278575401,1.47983378496001,0.555555555555555,0.222222222222222,0.388888888689368,1.00000004499307,TRUE,TRUE,21,88.965
91231,"ordinary_mni_average",2.92146359021488,0.1875,FALSE,-0.465901623570301,0.503188278983698,1.47983378710038,0.555555555555555,0.222222222222222,0.388888888888889,1,TRUE,TRUE,21,88.965
91232,"iterative_template",3.42249969716906,0.09375,FALSE,0.168637350374658,0.43847085782163,1.17225881617888,0.333333333333333,0.111111111111111,0.280573961621594,1.05321271190559,TRUE,TRUE,19,61.434
91232,"raw_functional_medoid",3.05533675619592,0.1796875,FALSE,0.181580637449113,0.433869438418616,1.15112292076299,0.333333333333333,0.222222222222222,0.22537641650273,1.09679232598192,TRUE,TRUE,19,61.434
91232,"geometry_only",2.39522603650814,0.3359375,FALSE,0.0364162675836103,0.41528542922722,0.82530973175706,0.222222222222222,0,0.388888888689368,1.00000004499307,TRUE,TRUE,19,61.434
91232,"ordinary_mni_average",2.39522603390141,0.3359375,FALSE,0.0364162675380899,0.415285429501626,0.825309734329874,0.222222222222222,0,0.388888888888889,1,TRUE,TRUE,19,61.434
91233,"iterative_template",4.1036874864781,0.0546875,FALSE,0.701475937097311,0.281336329817967,1.61353792782122,0,0,0.346791143474206,1.01490399138638,TRUE,TRUE,23,88.208
91233,"raw_functional_medoid",3.36547383824936,0.125,FALSE,0.571328346071458,0.281995040721712,1.39159458366635,0.111111111111111,0,0.286914731112236,1.21567519955936,TRUE,TRUE,23,88.208
91233,"geometry_only",2.0402463310203,0.6015625,FALSE,0.340105076707551,0.261998176555317,0.854616461772803,0.777777777777778,0.111111111111111,0.388888888689368,1.00000004499307,TRUE,TRUE,23,88.208
91233,"ordinary_mni_average",2.04024633167191,0.6015625,FALSE,0.340105076157885,0.261998176931145,0.85461646433151,0.777777777777778,0.111111111111111,0.388888888888889,1,TRUE,TRUE,23,88.208
91234,"iterative_template",2.15016263112379,0.5,FALSE,0.75148950613541,0.199991900624224,1.22013810040406,0.111111111111111,0.222222222222222,0.286160539170838,1.01320500396515,TRUE,TRUE,17,47.4490000000001
91234,"raw_functional_medoid",3.57337750054156,0.09375,FALSE,0.547743423627236,0.285575250685945,1.38957498870782,0.222222222222222,0.222222222222222,0.278339988763181,1.22482939313906,TRUE,TRUE,17,47.4490000000001
91234,"geometry_only",1.75937479524191,0.7421875,FALSE,0.810109991720084,0.156172823191706,0.977518127559929,0.111111111111111,0.222222222222222,0.388888888689368,1.00000004499307,TRUE,TRUE,17,47.4490000000001
91234,"ordinary_mni_average",1.75937479620324,0.7421875,FALSE,0.810109991443036,0.156172823325706,0.977518128209902,0.111111111111111,0.222222222222222,0.388888888888889,1,TRUE,TRUE,17,47.4490000000001
91235,"iterative_template",2.52183128959264,0.3046875,FALSE,0.0433550994773887,0.400170305762693,1.3554582748623,0.333333333333333,0,0.219289280677093,1.03201680963779,TRUE,TRUE,10,55.228
91235,"raw_functional_medoid",5.4214434022834,0.0078125,TRUE,0.0591813341965635,0.428653178157071,1.5259834108126,0.333333333333333,0,0.201445947902138,1.19976452289099,TRUE,TRUE,10,55.228
91235,"geometry_only",1.99560295205559,0.59375,FALSE,0.331740548560492,0.292143218753609,1.01954995546877,0.222222222222222,0.111111111111111,0.388888888689368,1.00000004499307,TRUE,TRUE,10,55.228
91235,"ordinary_mni_average",1.99560295295903,0.59375,FALSE,0.331740548114997,0.292143219099512,1.01954995747363,0.222222222222222,0.111111111111111,0.388888888888889,1,TRUE,TRUE,10,55.228
91236,"iterative_template",1.63556423677584,0.8046875,FALSE,0.561449827205886,0.221008078243,0.936731058177631,0.111111111111111,0,0.241441430726754,1.01765306859081,TRUE,TRUE,23,94.583
91236,"raw_functional_medoid",1.79397264719711,0.6484375,FALSE,0.408676960832157,0.249166667477969,0.891324230381568,0.111111111111111,0.111111111111111,0.234860307497713,1.09934444012789,TRUE,TRUE,23,94.583
91236,"geometry_only",1.9705959270578,0.5625,FALSE,0.395459664506764,0.27758953553141,1.0981382130506,0.111111111111111,0.111111111111111,0.388888888689368,1.00000004499307,TRUE,TRUE,23,94.583
91236,"ordinary_mni_average",1.9705959275156,0.5625,FALSE,0.395459663777648,0.277589536104089,1.09813821601516,0.111111111111111,0.111111111111111,0.388888888888889,1,TRUE,TRUE,23,94.583
91237,"iterative_template",2.7030301252295,0.2578125,FALSE,-0.039818449737337,0.436561916440245,1.4925033427156,0.777777777777778,0.666666666666667,0.319189025618717,1.0384830018978,TRUE,TRUE,16,71.006
91237,"raw_functional_medoid",3.04921861352138,0.203125,FALSE,-0.076479526653428,0.453030113572237,1.54161101411703,0.777777777777778,0.666666666666667,0.317739979232899,1.20388889644383,TRUE,TRUE,16,71.006
91237,"geometry_only",1.88783378790947,0.65625,FALSE,-0.234142285203557,0.384803517525349,1.04261122417799,0.333333333333333,0.666666666666667,0.388888888689368,1.00000004499307,TRUE,TRUE,16,71.006
91237,"ordinary_mni_average",1.88783378865797,0.65625,FALSE,-0.23414228484053,0.384803517745203,1.04261122567648,0.333333333333333,0.666666666666667,0.388888888888889,1,TRUE,TRUE,16,71.006
91238,"iterative_template",1.86518137254341,0.625,FALSE,0.314845921556403,0.390086550897841,1.62030412313993,0.111111111111111,0,0.301386286700057,1.02928165876497,TRUE,TRUE,15,23.5369999999999
91238,"raw_functional_medoid",1.60398880289552,0.765625,FALSE,-0.00416897442066296,0.368766976154007,1.14120784320551,0.444444444444444,0,0.312796893847485,1.10122151080435,TRUE,TRUE,15,23.5369999999999
91238,"geometry_only",3.08036950608845,0.203125,FALSE,-0.106008630682547,0.42095410836873,1.3329764915678,0.444444444444444,0.222222222222222,0.388888888689368,1.00000004499307,TRUE,TRUE,15,23.5369999999999
91238,"ordinary_mni_average",3.08036950530674,0.203125,FALSE,-0.106008630386723,0.420954108929282,1.33297649481655,0.444444444444444,0.222222222222222,0.388888888888889,1,TRUE,TRUE,15,23.5369999999999
91239,"iterative_template",1.37293349686013,0.8984375,FALSE,-0.185141469003959,0.363389724843892,1.00974291536001,0.777777777777778,0.222222222222222,0.378066986756515,1.01645122423285,TRUE,TRUE,12,32.73
91239,"raw_functional_medoid",1.34747317389354,0.875,FALSE,-0.0683804373757543,0.345458771007757,1.01217767548182,0.222222222222222,0.222222222222222,0.373657569223526,1.1399254433641,TRUE,TRUE,12,32.73
91239,"geometry_only",2.00972161402705,0.5078125,FALSE,-0.321385072663883,0.467441038508228,1.42933026782756,0.555555555555555,0.222222222222222,0.388888888689368,1.00000004499307,TRUE,TRUE,12,32.73
91239,"ordinary_mni_average",2.00972161369356,0.5078125,FALSE,-0.321385072721038,0.467441038932871,1.42933026983767,0.555555555555555,0.222222222222222,0.388888888888889,1,TRUE,TRUE,12,32.73
91240,"iterative_template",4.17806998896997,0.0625,FALSE,0.241204599065613,0.437019210526776,1.815450766531,0.111111111111111,0.111111111111111,0.176826058997692,1.02952296264951,TRUE,TRUE,17,30.692
91240,"raw_functional_medoid",3.75061223139157,0.125,FALSE,0.232853938653515,0.460000937903043,1.92051888063026,0.333333333333333,0.111111111111111,0.240233632045519,1.13030116618952,TRUE,TRUE,17,30.692
91240,"geometry_only",1.53234401541394,0.921875,FALSE,-0.349472857551816,0.404292305243512,1.0797551224602,0.333333333333333,0.666666666666667,0.388888888689368,1.00000004499307,TRUE,TRUE,17,30.692
91240,"ordinary_mni_average",1.53234401382024,0.921875,FALSE,-0.349472857354732,0.404292305552242,1.07975512419335,0.333333333333333,0.666666666666667,0.388888888888889,1,TRUE,TRUE,17,30.692
