"cell","arm","fwer_rate","fwer_ci_lower","fwer_ci_upper"
"baseline","l2_fold_loading",0.125,0.054595002509454,0.261121198388511
"equal_parcels","l1_fixed_fullfit_functional",0.225,0.123160913235407,0.3750309674231
"equal_parcels","l2_fold_loading",0.2,0.104999897254377,0.347573063463995
"equal_parcels","legacy_fullfit_functional",0.225,0.123160913235407,0.3750309674231
"family_2","l1_fixed_fullfit_functional",0.3,0.180748452297465,0.454300188181449
"family_2","l2_fold_loading",0.3,0.180748452297465,0.454300188181449
"family_2","legacy_fullfit_functional",0.3,0.180748452297465,0.454300188181449
"functional_cost","l1_fixed_fullfit_functional",0.225,0.123160913235407,0.3750309674231
"functional_cost","l2_fold_loading",0.2,0.104999897254377,0.347573063463995
"functional_cost","legacy_fullfit_functional",0.225,0.123160913235407,0.3750309674231
"heavy_tail","l1_fixed_fullfit_functional",0.15,0.0706118771732036,0.290723243664897
"heavy_tail","l2_fold_loading",0.15,0.0706118771732036,0.290723243664897
"heavy_tail","legacy_fullfit_functional",0.15,0.0706118771732036,0.290723243664897
"heteroscedastic","l1_fixed_fullfit_functional",0.15,0.0706118771732036,0.290723243664897
"heteroscedastic","l2_fold_loading",0.15,0.0706118771732036,0.290723243664897
"heteroscedastic","legacy_fullfit_functional",0.15,0.0706118771732036,0.290723243664897
"high_epsilon","l1_fixed_fullfit_functional",0.125,0.054595002509454,0.261121198388511
"high_epsilon","l2_fold_loading",0.175,0.0874541374603592,0.319499903317877
"homoscedastic","l1_fixed_fullfit_functional",0.125,0.054595002509454,0.261121198388511
"homoscedastic","l2_fold_loading",0.125,0.054595002509454,0.261121198388511
"homoscedastic","legacy_fullfit_functional",0.125,0.054595002509454,0.261121198388511
"independent_space","l1_fixed_fullfit_functional",0.325,0.200845022317827,0.479822538101223
"independent_space","l2_fold_loading",0.275,0.161080162476673,0.428349558062106
"independent_space","legacy_fullfit_functional",0.325,0.200845022317827,0.479822538101223
"large_S","l1_fixed_fullfit_functional",0.325,0.200845022317827,0.479822538101223
"large_S","l2_fold_loading",0.325,0.200845022317827,0.479822538101223
"large_S","legacy_fullfit_functional",0.325,0.200845022317827,0.479822538101223
"medium_S","l1_fixed_fullfit_functional",0.125,0.054595002509454,0.261121198388511
"medium_S","l2_fold_loading",0.15,0.0706118771732036,0.290723243664897
"medium_S","legacy_fullfit_functional",0.125,0.054595002509454,0.261121198388511
"rank_2","l1_fixed_fullfit_functional",0.275,0.161080162476673,0.428349558062106
"rank_2","l2_fold_loading",0.275,0.161080162476673,0.428349558062106
"rank_2","legacy_fullfit_functional",0.275,0.161080162476673,0.428349558062106
"small_gap","l1_fixed_fullfit_functional",0.2,0.104999897254377,0.347573063463995
"small_gap","l2_fold_loading",0.15,0.0706118771732036,0.290723243664897
"small_gap","legacy_fullfit_functional",0.2,0.104999897254377,0.347573063463995
"strong_nuisance","l1_fixed_fullfit_functional",0.325,0.200845022317827,0.479822538101223
"strong_nuisance","l2_fold_loading",0.35,0.221345288731763,0.504941191627423
"strong_nuisance","legacy_fullfit_functional",0.325,0.200845022317827,0.479822538101223
