"arm","p_fwer","reject_fwer","reject_unadjusted","min_p_unadjusted","effect_bias","effect_abs_bias","observed_max_t","operator_sensitivity","convergence","seed","cell","cell_index","S","estimation_rank","kernel_rank","contrast_family_dimension","eigengap_setting","relative_eigengap","latent_span_predictor","nuisance_magnitude","spatial_correlation","spatial_heteroscedasticity","parcel_count_heterogeneity","epsilon","functional_cost_weight","dgp","n_perm","exact_elapsed_seconds"
"legacy_fullfit_functional",0.125,FALSE,FALSE,0.125,-0.274894863214819,0.289959431801055,2.14780074978288,0.564289274271069,1,7202601,"pilot",0,8,3,6,1,"large",0.178630296331421,0.69976931442851,1,0.35,1.5,TRUE,0.08,0.65,"gaussian_separable",15,5.846
"l1_fixed_fullfit_functional",0.125,FALSE,FALSE,0.125,-0.274879743979522,0.289972893724764,2.14710499769864,0.564289274271069,1,7202601,"pilot",0,8,3,6,1,"large",0.178630296331421,0.69976931442851,1,0.35,1.5,TRUE,0.08,0.65,"gaussian_separable",15,5.846
"l2_fold_loading",0.125,FALSE,FALSE,0.125,-0.275481501506232,0.291366357684579,2.15497937074666,0.566685728665897,1,7202601,"pilot",0,8,3,6,1,"large",0.178630296331421,0.69976931442851,1,0.35,1.5,TRUE,0.08,0.65,"gaussian_separable",15,5.846
"geometry_only",0.125,FALSE,FALSE,0.125,-0.287292902840247,0.291208093386146,2.42160317996457,0,1,7202601,"pilot",0,8,3,6,1,"large",0.178630296331421,0.69976931442851,1,0.35,1.5,TRUE,0.08,0.65,"gaussian_separable",15,5.846
"kernel_image_residual_prototype",0.25,FALSE,FALSE,0.125,-0.274385570222466,0.274385570222466,1.75858784026912,0.588336240994512,1,7202601,"pilot",0,8,3,6,1,"large",0.178630296331421,0.69976931442851,1,0.35,1.5,TRUE,0.08,0.65,"gaussian_separable",15,5.846
"independent_alignment",0.125,FALSE,FALSE,0.125,-0.282864632606753,0.313300976238576,2.27179520772642,0.685154137870297,1,7202601,"pilot",0,8,3,6,1,"large",0.178630296331421,0.69976931442851,1,0.35,1.5,TRUE,0.08,0.65,"gaussian_separable",15,5.846
"full_permutation_reestimation",0.3125,FALSE,FALSE,0.3125,-0.275481501506232,0.291366357684579,2.15497937074666,0.213123063193334,1,7202601,"pilot",0,8,3,6,1,"large",0.178630296331421,0.69976931442851,1,0.35,1.5,TRUE,0.08,0.65,"gaussian_separable",15,5.846
"legacy_fullfit_functional",0.6875,FALSE,FALSE,0.25,-0.0614022674636816,0.218724614705792,1.06358187358535,0.610451934751971,1,7202602,"pilot",0,8,3,6,1,"large",0.202455964433244,0.617418214128318,1,0.35,1.5,TRUE,0.08,0.65,"gaussian_separable",15,6.357
"l1_fixed_fullfit_functional",0.6875,FALSE,FALSE,0.25,-0.061513561674941,0.218701100650842,1.06495463769894,0.610451934751971,1,7202602,"pilot",0,8,3,6,1,"large",0.202455964433244,0.617418214128318,1,0.35,1.5,TRUE,0.08,0.65,"gaussian_separable",15,6.357
"l2_fold_loading",0.6875,FALSE,FALSE,0.25,-0.0636627959068343,0.233171619727245,1.0785011028999,0.610550673906772,1,7202602,"pilot",0,8,3,6,1,"large",0.202455964433244,0.617418214128318,1,0.35,1.5,TRUE,0.08,0.65,"gaussian_separable",15,6.357
"geometry_only",1,FALSE,FALSE,0.4375,-0.065657707265897,0.191190369259384,0.856801728859285,0,1,7202602,"pilot",0,8,3,6,1,"large",0.202455964433244,0.617418214128318,1,0.35,1.5,TRUE,0.08,0.65,"gaussian_separable",15,6.357
"kernel_image_residual_prototype",0.6875,FALSE,FALSE,0.375,-0.0561151035192117,0.183896107513056,1.1420871405046,0.528469606988232,1,7202602,"pilot",0,8,3,6,1,"large",0.202455964433244,0.617418214128318,1,0.35,1.5,TRUE,0.08,0.65,"gaussian_separable",15,6.357
"independent_alignment",0.75,FALSE,FALSE,0.375,-0.0543618499749362,0.184792617388626,1.05289961949108,0.533430455790242,1,7202602,"pilot",0,8,3,6,1,"large",0.202455964433244,0.617418214128318,1,0.35,1.5,TRUE,0.08,0.65,"gaussian_separable",15,6.357
"full_permutation_reestimation",0.8125,FALSE,FALSE,0.375,-0.0636627959068343,0.233171619727245,1.0785011028999,0.19477401292602,1,7202602,"pilot",0,8,3,6,1,"large",0.202455964433244,0.617418214128318,1,0.35,1.5,TRUE,0.08,0.65,"gaussian_separable",15,6.357
