"dgp","S","q","estimation_rank","kernel_rank","contrast_family_dimension","eigengap","nuisance_magnitude","spatial_correlation","spatial_heteroscedasticity","parcel_count_heterogeneity","base_parcels","epsilon","functional_cost_weight","sigma_spatial","w_method","w_tau","reference_subject","cell","cell_index","exact_oracle"
"gaussian_separable",8,6,3,6,1,"large",1,0.35,1.5,TRUE,9,0.08,0.65,0.18,"mfa_sigma1",0.3,1,"baseline",1,TRUE
"gaussian_separable",8,6,3,6,1,"large",1,0.35,1.5,TRUE,9,0.08,0.65,0.18,"mfa_sigma1",0.3,1,"small_S",2,FALSE
"gaussian_separable",16,6,3,6,1,"large",1,0.35,1.5,TRUE,9,0.08,0.65,0.18,"mfa_sigma1",0.3,1,"medium_S",3,TRUE
"gaussian_separable",32,6,3,6,1,"large",1,0.35,1.5,TRUE,9,0.08,0.65,0.18,"mfa_sigma1",0.3,1,"large_S",4,FALSE
"gaussian_separable",8,6,2,6,1,"large",1,0.35,1.5,TRUE,9,0.08,0.65,0.18,"mfa_sigma1",0.3,1,"rank_2",5,TRUE
"gaussian_separable",8,6,4,6,1,"large",1,0.35,1.5,TRUE,9,0.08,0.65,0.18,"mfa_sigma1",0.3,1,"rank_4",6,FALSE
"gaussian_separable",8,6,3,4,1,"large",1,0.35,1.5,TRUE,9,0.08,0.65,0.18,"mfa_sigma1",0.3,1,"kernel_rank_4",7,FALSE
"gaussian_separable",8,6,3,6,2,"large",1,0.35,1.5,TRUE,9,0.08,0.65,0.18,"mfa_sigma1",0.3,1,"family_2",8,FALSE
"gaussian_separable",8,6,3,6,1,"small",1,0.35,1.5,TRUE,9,0.08,0.65,0.18,"mfa_sigma1",0.3,1,"small_gap",9,TRUE
"gaussian_separable",8,6,3,6,1,"large",0.5,0.35,1.5,TRUE,9,0.08,0.65,0.18,"mfa_sigma1",0.3,1,"weak_nuisance",10,FALSE
"gaussian_separable",8,6,3,6,1,"large",2,0.35,1.5,TRUE,9,0.08,0.65,0.18,"mfa_sigma1",0.3,1,"strong_nuisance",11,FALSE
"gaussian_separable",8,6,3,6,1,"large",1,0,1.5,TRUE,9,0.08,0.65,0.18,"mfa_sigma1",0.3,1,"independent_space",12,FALSE
"gaussian_separable",8,6,3,6,1,"large",1,0.65,1.5,TRUE,9,0.08,0.65,0.18,"mfa_sigma1",0.3,1,"correlated_space",13,FALSE
"gaussian_separable",8,6,3,6,1,"large",1,0.35,1,TRUE,9,0.08,0.65,0.18,"mfa_sigma1",0.3,1,"homoscedastic",14,FALSE
"gaussian_separable",8,6,3,6,1,"large",1,0.35,3,TRUE,9,0.08,0.65,0.18,"mfa_sigma1",0.3,1,"heteroscedastic",15,TRUE
"gaussian_separable",8,6,3,6,1,"large",1,0.35,1.5,FALSE,9,0.08,0.65,0.18,"mfa_sigma1",0.3,1,"equal_parcels",16,FALSE
"gaussian_separable",8,6,3,6,1,"large",1,0.35,1.5,TRUE,9,0.03,0.65,0.18,"mfa_sigma1",0.3,1,"low_epsilon",17,FALSE
"gaussian_separable",8,6,3,6,1,"large",1,0.35,1.5,TRUE,9,0.15,0.65,0.18,"mfa_sigma1",0.3,1,"high_epsilon",18,FALSE
"gaussian_separable",8,6,3,6,1,"large",1,0.35,1.5,TRUE,9,0.08,0,0.18,"mfa_sigma1",0.3,1,"geometry_cost",19,FALSE
"gaussian_separable",8,6,3,6,1,"large",1,0.35,1.5,TRUE,9,0.08,1,0.18,"mfa_sigma1",0.3,1,"functional_cost",20,FALSE
"student_t_spatial_heteroscedastic",8,6,3,6,1,"large",1,0.35,1.5,TRUE,9,0.08,0.65,0.18,"mfa_sigma1",0.3,1,"heavy_tail",21,TRUE
