"cell","factor","setting","arm","n_sim","fwer_rejections","fwer_rate","fwer_ci_lower","fwer_ci_upper","unadjusted_rate","mean_effect_bias","mean_effect_abs_bias","mean_operator_sensitivity","convergence","mean_relative_eigengap","mean_latent_span_predictor"
"medium_S","S","16","geometry_only",40,1,0.025,0.00442683150268142,0.128813689634741,0.1,-0.0133199676622027,0.155447874022461,0,1,0.142801467639958,0.653980384964754
"medium_S","S","16","independent_alignment",40,3,0.075,0.0258360257745882,0.198642335243105,0.2,-0.0136229713182222,0.161045176090331,0.75011074370132,1,0.142801467639958,0.653980384964754
"medium_S","S","16","kernel_image_residual_prototype",40,2,0.05,0.0138206673861484,0.16503877369141,0.2,-0.0144613190063519,0.159038154748681,0.718886610071936,1,0.142801467639958,0.653980384964754
"medium_S","S","16","full_permutation_reestimation",40,2,0.05,0.0138206673861484,0.16503877369141,0.125,-0.0149337408811248,0.193463885987921,0.232862698155923,1,0.142801467639958,0.653980384964754
"large_S","S","32","geometry_only",40,1,0.025,0.00442683150268142,0.128813689634741,0.15,-0.0289254191595453,0.120052201203246,0,1,0.120321826268353,0.412219022185959
"large_S","S","32","independent_alignment",40,6,0.15,0.0706118771732036,0.290723243664897,0.25,-0.0281682057386076,0.128871653750577,0.739430124675598,1,0.120321826268353,0.412219022185959
"large_S","S","32","kernel_image_residual_prototype",40,3,0.075,0.0258360257745882,0.198642335243105,0.25,-0.0286675508009792,0.119681579707902,0.70959691458929,1,0.120321826268353,0.412219022185959
"small_S","S","8","geometry_only",40,1,0.025,0.00442683150268142,0.128813689634741,0.125,0.0103562277566212,0.218766313926795,0,1,0.147050244390509,1.03539146868108
"small_S","S","8","independent_alignment",40,4,0.1,0.0395795286826064,0.230517752275223,0.3,0.00908631352453396,0.23642976345936,0.632125570237993,1,0.147050244390509,1.03539146868108
"small_S","S","8","kernel_image_residual_prototype",40,1,0.025,0.00442683150268142,0.128813689634741,0.15,0.00838920836980615,0.21784877268519,0.572891000910938,1,0.147050244390509,1.03539146868108
"rank_2","estimation_rank","2","geometry_only",40,0,0,0,0.0876216011972866,0.025,0.00231987682396586,0.113208554149532,0,1,0.169847985317376,0.914709398261438
"rank_2","estimation_rank","2","independent_alignment",40,6,0.15,0.0706118771732036,0.290723243664897,0.4,0.00108845595047401,0.204433958849258,0.677815223259034,1,0.169847985317376,0.914709398261438
"rank_2","estimation_rank","2","kernel_image_residual_prototype",40,2,0.05,0.0138206673861484,0.16503877369141,0.25,0.00162581379925568,0.138560304760464,0.546173018558763,1,0.169847985317376,0.914709398261438
"rank_2","estimation_rank","2","full_permutation_reestimation",40,0,0,0,0.0876216011972866,0.05,0.00129393160473422,0.225228149692389,0.306684973773112,1,0.169847985317376,0.914709398261438
"rank_4","estimation_rank","4","geometry_only",40,0,0,0,0.0876216011972866,0.05,-0.0216713615323249,0.233211146919844,0,1,0.145984575641637,0.900545498547804
"rank_4","estimation_rank","4","independent_alignment",40,0,0,0,0.0876216011972866,0.05,-0.0218245618666287,0.230342363316587,0.590753694053465,1,0.145984575641637,0.900545498547804
"rank_4","estimation_rank","4","kernel_image_residual_prototype",40,0,0,0,0.0876216011972866,0.075,-0.0209965828846265,0.230232201794989,0.587513805502663,1,0.145984575641637,0.900545498547804
"kernel_rank_4","kernel_rank","4","geometry_only",40,1,0.025,0.00442683150268142,0.128813689634741,0.2,0.0308404903397158,0.2348492483998,0,1,0.151223842815604,1.05188009250574
"kernel_rank_4","kernel_rank","4","independent_alignment",40,3,0.075,0.0258360257745882,0.198642335243105,0.25,0.0298622279233805,0.235129817864976,0.626304174333162,1,0.151223842815604,1.05188009250574
"kernel_rank_4","kernel_rank","4","kernel_image_residual_prototype",40,0,0,0,0.0876216011972866,0.25,0.0286743273848828,0.230472106891611,0.642453562495254,1,0.151223842815604,1.05188009250574
"baseline","kernel_rank","6","geometry_only",40,2,0.05,0.0138206673861484,0.16503877369141,0.25,0.0542845892448791,0.231687905619861,0,1,0.150485562655391,1.00568484220339
"baseline","kernel_rank","6","independent_alignment",40,3,0.075,0.0258360257745882,0.198642335243105,0.3,0.054930273915065,0.242313806048678,0.611855383117796,1,0.150485562655391,1.00568484220339
"baseline","kernel_rank","6","kernel_image_residual_prototype",40,3,0.075,0.0258360257745882,0.198642335243105,0.275,0.0550399839751345,0.231389380043583,0.56568107455396,1,0.150485562655391,1.00568484220339
"baseline","kernel_rank","6","full_permutation_reestimation",40,2,0.05,0.0138206673861484,0.16503877369141,0.2,0.0565821159066846,0.251293167340098,0.226393136277718,1,0.150485562655391,1.00568484220339
"baseline","contrast_family_dimension","1","geometry_only",40,2,0.05,0.0138206673861484,0.16503877369141,0.25,0.0542845892448791,0.231687905619861,0,1,0.150485562655391,1.00568484220339
"baseline","contrast_family_dimension","1","independent_alignment",40,3,0.075,0.0258360257745882,0.198642335243105,0.3,0.054930273915065,0.242313806048678,0.611855383117796,1,0.150485562655391,1.00568484220339
"baseline","contrast_family_dimension","1","kernel_image_residual_prototype",40,3,0.075,0.0258360257745882,0.198642335243105,0.275,0.0550399839751345,0.231389380043583,0.56568107455396,1,0.150485562655391,1.00568484220339
"baseline","contrast_family_dimension","1","full_permutation_reestimation",40,2,0.05,0.0138206673861484,0.16503877369141,0.2,0.0565821159066846,0.251293167340098,0.226393136277718,1,0.150485562655391,1.00568484220339
"family_2","contrast_family_dimension","2","geometry_only",40,1,0.025,0.00442683150268142,0.128813689634741,0.25,0.00551975626951039,0.205427345723196,0,1,0.142511531923972,1.00282173643538
"family_2","contrast_family_dimension","2","independent_alignment",40,9,0.225,0.123160913235407,0.3750309674231,0.5,0.0053392257166102,0.225890802866695,0.607784915770263,1,0.142511531923972,1.00282173643538
"family_2","contrast_family_dimension","2","kernel_image_residual_prototype",40,3,0.075,0.0258360257745882,0.198642335243105,0.35,0.00583761102117103,0.209173270731988,0.56594673830923,1,0.142511531923972,1.00282173643538
"baseline","eigengap","large","geometry_only",40,2,0.05,0.0138206673861484,0.16503877369141,0.25,0.0542845892448791,0.231687905619861,0,1,0.150485562655391,1.00568484220339
"baseline","eigengap","large","independent_alignment",40,3,0.075,0.0258360257745882,0.198642335243105,0.3,0.054930273915065,0.242313806048678,0.611855383117796,1,0.150485562655391,1.00568484220339
"baseline","eigengap","large","kernel_image_residual_prototype",40,3,0.075,0.0258360257745882,0.198642335243105,0.275,0.0550399839751345,0.231389380043583,0.56568107455396,1,0.150485562655391,1.00568484220339
"baseline","eigengap","large","full_permutation_reestimation",40,2,0.05,0.0138206673861484,0.16503877369141,0.2,0.0565821159066846,0.251293167340098,0.226393136277718,1,0.150485562655391,1.00568484220339
"small_gap","eigengap","small","geometry_only",40,1,0.025,0.00442683150268142,0.128813689634741,0.175,0.025406155943016,0.220306865360515,0,1,0.0869826599077611,1.55160088014668
"small_gap","eigengap","small","independent_alignment",40,2,0.05,0.0138206673861484,0.16503877369141,0.175,0.0253732876211696,0.230917068298039,0.575403722057847,1,0.0869826599077611,1.55160088014668
"small_gap","eigengap","small","kernel_image_residual_prototype",40,2,0.05,0.0138206673861484,0.16503877369141,0.175,0.0245795103461002,0.22374151778987,0.57113991336526,1,0.0869826599077611,1.55160088014668
"small_gap","eigengap","small","full_permutation_reestimation",40,2,0.05,0.0138206673861484,0.16503877369141,0.225,0.0234955384426757,0.273779179616038,0.41200450205147,1,0.0869826599077611,1.55160088014668
